epoch,control_rmse,candidate_rmse,delta_rmse,control_train_mse,candidate_train_mse
0,6.597967285492087,6.6015068753115775,0.0035395898194900965,0.00048252913810661814,0.0004838810692933094
1,6.573460603011554,6.583857400706585,0.01039679769503099,0.00048115813862430987,0.00048226214362153406
2,6.596036309217772,6.594250399328142,-0.0017859098896302328,0.00047976882142647756,0.00048088382987137505
3,6.574094214647366,6.579171061324883,0.0050768466775164,0.0004807814782627309,0.0004818170475534527
4,6.582688028414958,6.5892932123100625,0.0066051838951048936,0.0004799833955767551,0.0004812819829545944
5,6.587655303719847,6.589093437005032,0.0014381332851849393,0.000478644442290479,0.0004795838074438552
6,6.604075008929114,6.590355429149065,-0.013719579780048896,0.0004801811294450568,0.0004813048400891536
7,6.615032163453975,6.617287965925309,0.0022558024713337232,0.00047967233538481334,0.00048081413780275335
8,6.588096480509735,6.586432908810876,-0.0016635716988595561,0.00047807921298807066,0.00047928716668360876
9,6.594333680466828,6.601617267515262,0.007283587048433127,0.000477475474185193,0.00047874173316394864
10,6.581060892093813,6.5863935744327025,0.005332682338889505,0.0004780859915915483,0.0004791742910212413
11,6.602393044479916,6.613562841457208,0.011169796977291924,0.0004764491770670693,0.0004774733829459764
12,6.576690813304816,6.582242107065767,0.005551293760951204,0.0004765286494711266,0.0004776318139515377
13,6.589383141536503,6.5979084972322175,0.008525355695714332,0.0004758476427050878,0.00047682054964738607
14,6.620362130014413,6.618662026437331,-0.001700103577081613,0.0004747127679040479,0.0004757798108736467
15,6.587931937245054,6.585675039751319,-0.002256897493735366,0.00047514592185124037,0.00047616601351671746
16,6.591177212272051,6.607647327180064,0.016470114908013755,0.00047424136364794864,0.0004752254523271709
17,6.596993185385887,6.599670967749809,0.002677782363921466,0.0004741891022571717,0.00047530421298641774
18,6.582483437579937,6.589429891281368,0.00694645370143121,0.0004733471090334698,0.0004744350277053983
19,6.575384177983452,6.582622762973086,0.007238584989634589,0.00047293406396830515,0.00047407980996885075
20,6.584234074553075,6.586966706258021,0.002732631704946087,0.0004737759966216402,0.0004750135289700658
21,6.61808778317395,6.6252469106011596,0.0071591274272098104,0.0004710764208124895,0.0004721733417382252
22,6.597438756059624,6.596590872835714,-0.0008478832239102729,0.00047092804720358773,0.00047204228245521405
23,6.588341667220257,6.59753183008035,0.009190162860093665,0.0004709284258159066,0.000471986515460533
24,6.575965395708376,6.572114176955979,-0.0038512187523975783,0.0004697514817130956,0.0004708269331459402
25,6.598909304044344,6.5972614605994195,-0.0016478434449247459,0.00046946923503750706,0.0004706223468509145
26,6.57018006673835,6.557051831755502,-0.013128234982847431,0.0004691901065363559,0.0004701551739296631
27,6.613256376087285,6.63005315402848,0.016796777941195273,0.0004683704466687901,0.00046946388390675637
28,6.596521158383387,6.596767084190061,0.000245925806673597,0.000467473016079576,0.00046851920117124403
29,6.5974564766735675,6.599875518903928,0.0024190422303602688,0.0004677265191061095,0.0004688102485011672
30,6.589117394238788,6.577936455511264,-0.01118093872752457,0.00046694164394660276,0.00046816280397367815
31,6.594531344007612,6.598642376724744,0.00411103271713209,0.00046601504921003553,0.0004670978626265288
32,6.5930652996663275,6.599582769050761,0.0065174693844332054,0.00046585219449466484,0.00046685926656385023
33,6.587534087956498,6.593695074154263,0.0061609861977647284,0.00046448177722475346,0.00046556823463997517
34,6.608682132068859,6.6272543544486915,0.01857222237983258,0.0004635674396455925,0.00046478591735864386
35,6.59623918717453,6.596401147782287,0.00016196060775719445,0.00046385813749418486,0.0004650214254641746
36,6.598006492194849,6.59314221313926,-0.004864279055588838,0.00046253527960382276,0.0004632713322594333
37,6.604106905974916,6.619666001807306,0.01555909583238968,0.0004631585006828059,0.0004641538897592974
38,6.5860488823708785,6.5782370678008695,-0.0078118145700090125,0.0004620378946886915,0.000462978330519033
39,6.5904729240298945,6.586761824588558,-0.0037110994413360743,0.0004606282483340237,0.0004616433764340046
40,6.599176393643784,6.5989037557486965,-0.00027263789508769065,0.00045989434881871607,0.0004609053868664252
41,6.5976056396195375,6.57896989423081,-0.018635745388727365,0.0004604731523015422,0.0004614394798499719
42,6.578701348933594,6.578554367649026,-0.00014698128456736015,0.00045868651228985846,0.00045979293663464603
43,6.612038844475943,6.620210916908116,0.008172072432173216,0.00045846302781404685,0.0004593715064436151
44,6.595591831456298,6.59715893424422,0.0015671027879218258,0.0004584662948570665,0.0004592657728702942
45,6.596183548127181,6.600055739420572,0.003872191293391225,0.0004585047888415279,0.00045939547527207764
46,6.614664229381879,6.60835865564498,-0.006305573736899106,0.00045698774115995015,0.0004578743965877727
47,6.6104929974097315,6.604540911422067,-0.005952085987664724,0.0004567301174836497,0.00045749674410693937
48,6.5891443866536115,6.590090922823499,0.0009465361698879349,0.00045540825308852396,0.00045652688300949675
49,6.6357407922766525,6.628515604167463,-0.007225188109189595,0.00045531275489332784,0.0004558800044813531
50,6.577411158407469,6.577970834976196,0.0005596765687272409,0.00045433056238071174,0.0004554165041014048
51,6.581915779639158,6.58168712345976,-0.00022865617939782368,0.00045464853770613763,0.00045565209186905313
52,6.60917047492821,6.621114312980226,0.01194383805201582,0.00045318923346353567,0.0004539391739600994
53,6.642318935410375,6.638124256377223,-0.004194679033152404,0.000452716545723987,0.00045341583133405756
54,6.62778695723302,6.640408569347826,0.01262161211480528,0.0004525717881596524,0.0004534151682917689
55,6.623758134881666,6.6159912992594725,-0.007766835622193824,0.0004516220851989628,0.0004525466501176166
56,6.593809485193149,6.589075035702451,-0.004734449490698012,0.00044996941014602894,0.00045091650114882837
57,6.627550486501817,6.643873527386914,0.01632304088509695,0.0004500430095057303,0.0004507606098621006
58,6.61408721015244,6.60741767127102,-0.006669538881419967,0.0004495795999768061,0.00045046963747793556
59,6.594508907641323,6.59090266291014,-0.003606244731183317,0.00044896913184328105,0.00044981181805498583
60,6.630958700743501,6.61766962132975,-0.013289079413751459,0.00044870310076287895,0.00044924752431172837
61,6.620371461102541,6.613785787507924,-0.006585673594616814,0.00044791510574516735,0.00044847508966828613
62,6.599976460466733,6.591181763348934,-0.00879469711779901,0.0004472466579925929,0.0004477884981351793
63,6.626129044891563,6.630473758721313,0.004344713829749658,0.00044621206506975224,0.00044675789498992
64,6.647074570470983,6.627403362226105,-0.019671208244878002,0.0004454340040901007,0.0004462682960147956
65,6.644563078277192,6.646129973915711,0.0015668956385193056,0.00044559991265274876,0.00044611544584751155
66,6.629628655747317,6.626377863618818,-0.0032507921284992136,0.00044458403579223017,0.00044529659419739113
67,6.638089129759749,6.637995153687226,-9.397607252292772e-05,0.00044388759783128764,0.0004446847073720771
68,6.613311806697907,6.608406754025342,-0.0049050526725649135,0.000443507683579991,0.0004442396420734887
69,6.614966546077802,6.609368926821031,-0.005597619256771047,0.00044365535776455295,0.0004440303098082305
70,6.630102353340502,6.621428294709313,-0.008674058631188863,0.000442176429320541,0.0004429985445013058
71,6.6054128662606955,6.603938569423238,-0.0014742968374577003,0.0004422030931184413,0.0004429688267927605
72,6.647040845042508,6.643720384167284,-0.003320460875223752,0.00044149113480439103,0.00044206450820044493
73,6.634721656739085,6.620760413745161,-0.013961242993923761,0.0004406684880147791,0.00044141819320936307
74,6.629262961875081,6.629304295118975,4.133324389421489e-05,0.0004406216449515596,0.00044117298953613184
75,6.640015256046647,6.632644474165502,-0.007370781881144595,0.00043920774028555405,0.00044000342688892575
76,6.667788764390574,6.667015095355534,-0.0007736690350395037,0.0004386627290294322,0.00043930499226942625
77,6.644212898895459,6.639458265434981,-0.004754633460477997,0.00043775149676108713,0.0004383775360142149
78,6.621235367319781,6.605635320434216,-0.015600046885564822,0.0004380585824198801,0.0004384363224294651
79,6.637400844761935,6.62851436636129,-0.008886478400644826,0.00043655880471593,0.000437167805681457
80,6.631570638608676,6.615976540882922,-0.01559409772575382,0.00043628494896886876,0.0004370235437150714
81,6.658174106372945,6.649410734623597,-0.008763371749347826,0.0004350931002739614,0.0004358127504905098
82,6.651959658374025,6.649650059060038,-0.0023095993139872206,0.0004344840864629179,0.00043497305428775816
83,6.6459510021180295,6.64183888727445,-0.0041121148435792065,0.0004350884801608222,0.00043545940437015224
84,6.643489959249622,6.639118753246521,-0.004371206003100703,0.00043366871061582775,0.00043379682126892425
85,6.651308261002687,6.640320434640457,-0.01098782636223028,0.00043334523878533907,0.0004335212254296397
86,6.653400443257623,6.636374273269585,-0.017026169988038298,0.00043229855872939805,0.00043300603696363825
87,6.6552930042991685,6.65116234154211,-0.00413066275705809,0.00043162484521127394,0.0004318861403606809
88,6.681732551422025,6.668721457691901,-0.013011093730123768,0.0004302329927937071,0.0004306849200060536
89,6.638510997627839,6.636945182113966,-0.0015658155138735808,0.00043134719033256276,0.0004317031436310835
90,6.645092909730302,6.632695157488141,-0.012397752242160998,0.0004304494483912042,0.00043101857556102573
91,6.648931780105781,6.650083834298876,0.0011520541930947203,0.0004303995897366287,0.0004308509476816725
92,6.684604047724212,6.669573767331057,-0.015030280393155238,0.00042923409592260316,0.0004293368855461588
93,6.668262459583314,6.65167723638473,-0.01658522319858413,0.0004284934901062422,0.0004288997757049425
94,6.6485737880604985,6.642539384571211,-0.006034403489287854,0.0004283152491054867,0.00042857958770083326
95,6.664454448346615,6.6497624560737245,-0.01469199227289053,0.0004278187211736903,0.0004278979767066851
96,6.666515933457141,6.658038376457878,-0.008477556999263669,0.0004271774355236667,0.0004275213435660138
97,6.655826178018052,6.636733671756413,-0.019092506261639386,0.00042659391272120744,0.00042671274040205747
98,6.675780976212176,6.668493019350317,-0.007287956861858902,0.00042581755216566567,0.00042583361827669896
99,6.670342458755689,6.654003174003877,-0.01633928475181179,0.00042585069317266366,0.0004262574578756336
100,6.660571310292641,6.665575687970234,0.005004377677592764,0.00042453679633812043,0.00042455258470899126
101,6.679029575779219,6.658617118400341,-0.0204124573788782,0.00042479437147484425,0.0004249688614942684
102,6.685759075356546,6.6770664522526095,-0.00869262310393637,0.000424169787865865,0.00042456921119775917
103,6.675840919509449,6.6758093568061145,-3.156270333448674e-05,0.00042317696443460535,0.0004233487236637964
104,6.6685466807367195,6.666638726089517,-0.0019079546472022813,0.00042298362704615283,0.0004232872992013125
105,6.684694197415389,6.673472574643389,-0.011221622772000117,0.00042311813049366,0.00042322849230927705
106,6.671086952191232,6.669052513178934,-0.0020344390122986056,0.00042211882377906615,0.00042222648150936455
107,6.685031097830417,6.679443647993652,-0.005587449836765401,0.00042126670261246805,0.00042155774862072425
108,6.687622376527155,6.677419550581555,-0.010202825945600402,0.00042161937824031844,0.0004218276425715229
109,6.675103384285197,6.660418766535842,-0.0146846177493547,0.0004210389181656523,0.00042097908418450337
110,6.670285022387721,6.673343326495867,0.003058304108146004,0.0004203587682200031,0.00042023215541387235
111,6.671599241873681,6.669516828583267,-0.0020824132904140313,0.00041980056412964134,0.00041959339355025874
112,6.6819420674704135,6.679162839743398,-0.002779227727015332,0.0004204810927690819,0.0004206784709912912
113,6.701401925799993,6.695012567139058,-0.006389358660935152,0.00041926011811937514,0.0004194333074827321
114,6.673940751576771,6.668404292413615,-0.005536459163155705,0.0004193033609889784,0.0004194739193751145
115,6.683900701944728,6.680530172807454,-0.00337052913727387,0.0004181547554986172,0.00041817694754501974
116,6.69587719420691,6.694283820068957,-0.0015933741379532407,0.00041855897079656426,0.0004186758066619519
117,6.6801261478008005,6.677912457906322,-0.0022136898944786765,0.0004180781688638217,0.00041816858584705805
118,6.696607140313968,6.689385806451986,-0.007221333861981982,0.00041799824671279553,0.0004178752512457414
119,6.683612583670355,6.674203832987103,-0.009408750683252087,0.0004178198472930562,0.00041802252278356155
120,6.688452162687671,6.676437457740662,-0.012014704947008958,0.0004173475561531704,0.0004175286502436145
121,6.697662647163208,6.68882957608168,-0.008833071081527422,0.00041723841046125077,0.00041708890029119145
122,6.690972784422916,6.690908695490511,-6.408893240550384e-05,0.0004161761228131307,0.0004163514982860443
123,6.696766920302037,6.694559840198243,-0.002207080103793224,0.00041640408115872817,0.0004165529202750245
124,6.6830903349810304,6.682837597652797,-0.00025273732823372086,0.0004159441102994244,0.0004156654646683884
125,6.697305811850198,6.69125212029673,-0.006053691553467466,0.00041598312649622406,0.00041608887890782527
126,6.691819597140053,6.684613728679557,-0.007205868460495424,0.0004159672772019383,0.000416014242329248
127,6.695913506709113,6.690355762522096,-0.005557744187016489,0.0004153234574275343,0.0004152030497119497
128,6.700790290500901,6.694966138597518,-0.005824151903382813,0.0004155579336823296,0.00041537221498869965
129,6.6831276909119985,6.679359972624231,-0.003767718287767785,0.00041560316095338675,0.00041542200782245046
130,6.698525956197437,6.689383859133146,-0.009142097064290589,0.00041475334228450956,0.00041495616283248905
131,6.697072374038777,6.690481463870112,-0.006590910168664976,0.00041519833630360777,0.0004147694592344579
132,6.70178539955213,6.693820977393227,-0.007964422158902806,0.00041457625971578387,0.00041463842854833646
133,6.701171177570769,6.694903425236143,-0.006267752334625953,0.00041456772119507866,0.00041471582678621736
134,6.693487897809278,6.6876592137591695,-0.005828684050108279,0.0004151326195919136,0.0004149661986026942
135,6.71377808018905,6.708355809406722,-0.005422270782327487,0.0004144581596216427,0.0004142418900261377
136,6.7015987476961305,6.6924656571197305,-0.009133090576399994,0.00041366442305638425,0.0004133166842710105
137,6.699010481170952,6.690087831912707,-0.008922649258245485,0.0004135274488158802,0.00041359673336750796
138,6.704115437108455,6.692601757175608,-0.011513679932846799,0.00041321852312511644,0.00041325113197106396
139,6.694746627723958,6.6866511630171885,-0.008095464706769029,0.00041385236171597085,0.00041380333897047915
140,6.701475731395042,6.691069479347302,-0.010406252047739706,0.0004139827411552286,0.0004136254555983165
141,6.7041705561215625,6.694471666859828,-0.009698889261734678,0.00041371894156463256,0.00041374209140315884
142,6.701215598930623,6.692644181453738,-0.008571417476884946,0.00041288557859075375,0.0004127856535807362
143,6.706225101726911,6.694886576694432,-0.011338525032479119,0.00041400654896663595,0.00041376377088720237
144,6.7058184712304385,6.696770666182272,-0.009047805048166602,0.0004139359847336144,0.0004138346896438047
145,6.706104803896907,6.696254686806865,-0.009850117090041799,0.0004132979379732938,0.0004135096153917159
146,6.700638057109535,6.694527171193755,-0.006110885915780351,0.0004132884830395035,0.0004130336872687995
147,6.706898589651137,6.697744451053266,-0.00915413859787062,0.0004125910494469315,0.0004124161850065022
148,6.702693579184729,6.692709408387308,-0.009984170797420866,0.00041255525567331303,0.0004124527306366179
149,6.706285194844558,6.696773018513792,-0.009512176330765953,0.0004128111864752998,0.0004124328013564551
