run,sample_id,rmse_db
baseline_reference,00016_00_58,6.841011655762404
baseline_reference,00536_25_58,4.540051901835638
baseline_reference,01917_32_58,5.288344542383158
baseline_reference,02739_28_58,6.571359826621643
baseline_reference,03356_46_58,6.58824467726662
baseline_reference,04791_49_58,3.78621211706405
baseline_reference,05845_28_58,4.261136213385233
baseline_reference,06794_00_58,4.697329113751158
seed0_zeros,00016_00_58,6.960729551074798
seed0_zeros,00536_25_58,4.577576495315489
seed0_zeros,01917_32_58,5.461298332795422
seed0_zeros,02739_28_58,6.5972275278802215
seed0_zeros,03356_46_58,6.655748529191684
seed0_zeros,04791_49_58,3.8047896123202034
seed0_zeros,05845_28_58,4.195719595497704
seed0_zeros,06794_00_58,4.538841511380952
seed0_tx_xyz,00016_00_58,6.956654648416872
seed0_tx_xyz,00536_25_58,4.426958969860299
seed0_tx_xyz,01917_32_58,5.519524597638874
seed0_tx_xyz,02739_28_58,6.427517984196429
seed0_tx_xyz,03356_46_58,6.553940253198435
seed0_tx_xyz,04791_49_58,3.7483369911769677
seed0_tx_xyz,05845_28_58,4.125818014433918
seed0_tx_xyz,06794_00_58,4.554799893846023
