region,valid_pixels,baseline_rmse,control_rmse,candidate_rmse,control_sse,candidate_sse,delta_sse,delta_sse_percent,control_bias,candidate_bias
all_valid,135926253,6.578612345736153,6.570180080336049,6.557051843151653,5867564758.787123,5844139579.814219,-23425178.97290325,-0.3992317074612985,0.14268419269003663,0.059534154708710284
away_missing_r5,123593224,5.742658102524294,5.73363953717568,5.7132107623234925,4063080563.0628576,4034178889.8340945,-28901673.228763103,-0.7113241487630326,0.3799743248117436,0.29989397742554713
edge_t10_r1,20038829,12.746525013413928,12.713587731780455,12.708885926744847,3238982397.8425784,3236587126.260089,-2395271.5824894905,-0.07395136151665824,-1.4571994874105374,-1.5843475982108242
edge_t10_r3,41989456,10.728008894321851,10.70556834708324,10.691239520793335,4812377693.293286,4799504097.980214,-12873595.313072205,-0.2675100778356059,-0.4569930145327951,-0.5717717431032933
edge_t10_r3_away_missing,32303827,9.979930922316418,9.952807717793464,9.92611718449199,3199964817.8218985,3182825082.136262,-17139735.68563652,-0.5356226290419944,0.14615057688353833,0.034614640362572884
edge_t10_r3_near_missing,9685629,12.913433999571293,12.902510282462908,12.919567811582361,1612412875.4713857,1616679015.8439603,4266140.372574568,0.26458114031912394,-2.4686172707656038,-2.5942114655660267
edge_t10_r5,58734625,9.606290800481103,9.58844574280486,9.572584520428917,5399961089.823516,5382110617.537963,-17850472.28555298,-0.3305666835117209,-0.16727475194426242,-0.2762069911260057
edge_t20_r1,6085909,15.46137900656083,15.42015455831543,15.414149062314106,1447114541.8556566,1445987581.9093337,-1126959.946322918,-0.0778763472916111,-1.8000091038509052,-1.9631180098474252
edge_t20_r3,16796961,13.260837489697288,13.227350432193917,13.203845777385304,2938843318.9142714,2928408103.707864,-10435215.206407547,-0.355078991086287,-0.13742783595248206,-0.28390841946026657
edge_t20_r5,27594415,11.914268778002706,11.887723999348255,11.863342509833933,3899587039.0883555,3883607489.2240686,-15979549.8642869,-0.40977543786335374,0.049944626237052085,-0.08571776714264087
edge_t5_r1,36576870,10.89707578115119,10.876541088059984,10.875917873084337,4327012485.825497,4326516633.016923,-495852.80857372284,-0.011459472562144116,-1.318454905699663,-1.4265259803018466
edge_t5_r3,63132200,9.242486000513402,9.226682513327665,9.21543996129851,5374549629.510701,5361460018.771276,-13089610.739424706,-0.24354804852023262,-0.3258558439728518,-0.42802700839795893
edge_t5_r5,81215731,8.361873267822062,8.348070774710882,8.334179143034453,5659947493.441764,5641126261.765083,-18821231.676680565,-0.3325336798351735,-0.05276879303819534,-0.1512357161595916
near_missing_r5,12333029,12.10363229596437,12.095996848487992,12.114338231644892,1804484195.7242546,1809960689.980151,5476494.25589633,0.3034936115745953,-2.235276035272431,-2.3491884234707703
nonedge_t10_r1,115887424,4.761013141285602,4.7625839054116295,4.743494180351252,2628582360.9445386,2607552453.554134,-21029907.3904047,-0.800047497193428,0.4193302201781108,0.3437881678359224
nonedge_t10_r3,93936797,3.3434091021047183,3.351558896491769,3.334759454815342,1055187065.493836,1044635481.8340102,-10551583.659825802,-0.9999728014944512,0.4107380385848033,0.34172592689269926
nonedge_t10_r3_away_missing,91289397,3.0665180968009644,3.0748529446734714,3.05383010547329,863115745.2409635,851353807.6978204,-11761937.543143034,-1.362730040321458,0.4627156085729273,0.3937661914260077
nonedge_t10_r3_near_missing,2647400,8.507642233744377,8.517683108204574,8.544478416262717,192071320.2528702,193281674.13618994,1210353.8833197355,0.6301585690806166,-1.3815868921929944,-1.4527608786396022
nonedge_t10_r5,77191628,2.447918905933241,2.46123937781261,2.4465241091264076,467603668.96359575,462028962.2762652,-5574706.687330544,-1.1921862588645664,0.37853000719327934,0.31499748419921353
nonedge_t20_r1,129840344,5.839663874795671,5.834832902067261,5.82009787896726,4420450216.931456,4398151997.9049015,-22298219.026554108,-0.504433212281098,0.23374259760044097,0.15434041163099374
nonedge_t20_r3,119129292,4.958410470639316,4.958265211004622,4.947257120347267,2928721439.8728485,2915731476.106374,-12989963.766474724,-0.4435370189060619,0.1821793558169968,0.10795878165987115
nonedge_t20_r5,108331838,4.259621747121318,4.2621824141249585,4.2541120223277495,1967977719.698771,1960532090.59017,-7445629.108601093,-0.37833909571602065,0.1663069256821948,0.09653289750779168
nonedge_t5_r1,99349383,3.9361774022205416,3.937817932512739,3.9084031544138704,1540552272.9616249,1517622946.7973092,-22929326.1643157,-1.4883835210755532,0.6806230629668379,0.6066480544544549
nonedge_t5_r3,72794053,2.593575591231941,2.602448674573489,2.5750253229988407,493015129.27641153,482679561.0429611,-10335568.233450413,-2.096399810005774,0.5490355645886285,0.4823820055006268
nonedge_t5_r5,54710522,1.9307822831236887,1.9480329746096616,1.9263129108992798,207617265.34536228,203013318.04915375,-4603947.296208531,-2.2175165868551754,0.43282686601439146,0.3724141732057874
