example,mode,region,valid_pixels,mean_seed_sse,mean_prediction_sse,seed_variation_sse
00016_00_58.npz,zeros,all_valid,33282,1625367.3259542217,1618035.5405292476,7331.78542497423
00016_00_58.npz,zeros,edge_t10_r3,9638,1388759.8879683674,1383751.302556448,5008.585411919487
00016_00_58.npz,zeros,near_missing_r5,4699,1083689.988450196,1077975.8868334424,5714.101616753473
00016_00_58.npz,tx_xyz,all_valid,33282,1605471.1217909318,1602498.3678550115,2972.7539359198677
00016_00_58.npz,tx_xyz,edge_t10_r3,9638,1375135.6011930888,1373281.810238499,1853.7909545898438
00016_00_58.npz,tx_xyz,near_missing_r5,4699,1060163.9777930444,1058048.8514943519,2115.1262986924917
00536_25_58.npz,zeros,all_valid,65241,1358708.0513501514,1354587.9226431132,4120.128707038031
00536_25_58.npz,zeros,edge_t10_r3,17619,1122843.845838297,1120085.5716251417,2758.2742131551104
00536_25_58.npz,zeros,near_missing_r5,1786,165481.6652418251,164799.79718626954,681.8680555555557
00536_25_58.npz,tx_xyz,all_valid,65241,1316331.6130037913,1310246.6862349587,6084.926768832736
00536_25_58.npz,tx_xyz,edge_t10_r3,17619,1092723.398572335,1088794.7368105212,3928.6617618136934
00536_25_58.npz,tx_xyz,near_missing_r5,1786,161647.5892444278,160845.57905494754,802.0101894802518
01917_32_58.npz,zeros,all_valid,65148,1887403.8136337902,1880862.3488476845,6541.4647861056865
01917_32_58.npz,zeros,edge_t10_r3,13850,1569060.9912977729,1565698.5788459226,3362.412451850043
01917_32_58.npz,zeros,near_missing_r5,4061,372819.24038030155,371946.52871716133,872.7116631401909
01917_32_58.npz,tx_xyz,all_valid,65148,1884799.0454778273,1876348.6781513025,8450.367326524522
01917_32_58.npz,tx_xyz,edge_t10_r3,13850,1568234.7491303645,1564134.5238190852,4100.225311279297
01917_32_58.npz,tx_xyz,near_missing_r5,4061,373680.4304354881,372494.3193345495,1186.111100938585
02739_28_58.npz,zeros,all_valid,60013,2674608.100262741,2653405.355116731,21202.745146009653
02739_28_58.npz,zeros,edge_t10_r3,28238,2535239.1356457407,2517910.038667659,17329.096978081598
02739_28_58.npz,zeros,near_missing_r5,7135,1346449.7438963428,1334914.444637581,11535.299258761936
02739_28_58.npz,tx_xyz,all_valid,60013,2581485.8486575736,2556936.991532397,24548.857125176324
02739_28_58.npz,tx_xyz,edge_t10_r3,28238,2452186.7800314547,2432039.040502375,20147.73952907986
02739_28_58.npz,tx_xyz,near_missing_r5,7135,1265595.865161861,1254438.6354390963,11157.229722764758
03356_46_58.npz,zeros,all_valid,12152,581145.7246538043,576447.1944897214,4698.530164082846
03356_46_58.npz,zeros,edge_t10_r3,4098,465973.4890578416,463549.6440125399,2423.8450453016494
03356_46_58.npz,zeros,near_missing_r5,2106,215487.04250939292,213885.63066450358,1601.411844889323
03356_46_58.npz,tx_xyz,all_valid,12152,537043.9602941278,534420.763103949,2623.197190178765
03356_46_58.npz,tx_xyz,edge_t10_r3,4098,425945.6845751727,424807.665599173,1138.0189759996204
03356_46_58.npz,tx_xyz,near_missing_r5,2106,199942.8114077074,198777.20354502293,1165.607862684462
04791_49_58.npz,zeros,all_valid,65049,937099.6760738194,930885.3975042801,6214.278569539389
04791_49_58.npz,zeros,edge_t10_r3,15412,833697.7907002282,828591.485544792,5106.305155436197
04791_49_58.npz,zeros,near_missing_r5,4457,258818.79109345618,257380.86362017607,1437.927473280165
04791_49_58.npz,tx_xyz,all_valid,65049,924588.8537129022,917261.7366584927,7327.117054409451
04791_49_58.npz,tx_xyz,edge_t10_r3,15412,823424.9858208087,817649.0037244546,5775.982096354166
04791_49_58.npz,tx_xyz,near_missing_r5,4457,256964.65840019032,255902.59994207398,1062.0584581163193
05845_28_58.npz,zeros,all_valid,63790,1114874.003303481,1106907.3875316577,7966.615771823458
05845_28_58.npz,zeros,edge_t10_r3,13943,903115.623605205,897370.6149856846,5745.008619520399
05845_28_58.npz,zeros,near_missing_r5,2517,267285.7602025207,266760.3039070834,525.456295437283
05845_28_58.npz,tx_xyz,all_valid,63790,1098049.1514966444,1091647.8100320718,6401.341464572483
05845_28_58.npz,tx_xyz,edge_t10_r3,13943,892284.4058761593,887909.3498391041,4375.056037055121
05845_28_58.npz,tx_xyz,near_missing_r5,2517,269609.3931086708,269038.13732728513,571.2557813856337
06794_00_58.npz,zeros,all_valid,39110,854903.7073463236,852195.9630225933,2707.744323730469
06794_00_58.npz,zeros,edge_t10_r3,9849,759403.7655827644,757364.364707249,2039.400875515408
06794_00_58.npz,zeros,near_missing_r5,4866,407005.0920310533,405653.5894404501,1351.5025906032986
06794_00_58.npz,tx_xyz,all_valid,39110,838272.5996468127,835698.1892642239,2574.4103825887046
06794_00_58.npz,tx_xyz,edge_t10_r3,9849,745396.41490062,743667.175717406,1729.2391832139756
06794_00_58.npz,tx_xyz,near_missing_r5,4866,396792.7831019006,395585.4988645687,1207.2842373318144
