seed,region,valid_pixels,baseline_rmse,control_rmse,candidate_rmse,control_sse,candidate_sse,delta_sse,delta_sse_percent,control_bias,candidate_bias
0,all_valid,135926253,6.578612345736153,6.570180080336049,6.557051843151653,5867564758.787123,5844139579.814219,-23425178.97290325,-0.3992317074612985,0.14268419269003663,0.059534154708710284
0,away_missing_r5,123593224,5.742658102524294,5.73363953717568,5.7132107623234925,4063080563.0628576,4034178889.8340945,-28901673.228763103,-0.7113241487630326,0.3799743248117436,0.29989397742554713
0,edge_t10_r1,20038829,12.746525013413928,12.713587731780455,12.708885926744847,3238982397.8425784,3236587126.260089,-2395271.5824894905,-0.07395136151665824,-1.4571994874105374,-1.5843475982108242
0,edge_t10_r3,41989456,10.728008894321851,10.70556834708324,10.691239520793335,4812377693.293286,4799504097.980214,-12873595.313072205,-0.2675100778356059,-0.4569930145327951,-0.5717717431032933
0,edge_t10_r3_away_missing,32303827,9.979930922316418,9.952807717793464,9.92611718449199,3199964817.8218985,3182825082.136262,-17139735.68563652,-0.5356226290419944,0.14615057688353833,0.034614640362572884
0,edge_t10_r3_near_missing,9685629,12.913433999571293,12.902510282462908,12.919567811582361,1612412875.4713857,1616679015.8439603,4266140.372574568,0.26458114031912394,-2.4686172707656038,-2.5942114655660267
0,edge_t10_r5,58734625,9.606290800481103,9.58844574280486,9.572584520428917,5399961089.823516,5382110617.537963,-17850472.28555298,-0.3305666835117209,-0.16727475194426242,-0.2762069911260057
0,edge_t20_r1,6085909,15.46137900656083,15.42015455831543,15.414149062314106,1447114541.8556566,1445987581.9093337,-1126959.946322918,-0.0778763472916111,-1.8000091038509052,-1.9631180098474252
0,edge_t20_r3,16796961,13.260837489697288,13.227350432193917,13.203845777385304,2938843318.9142714,2928408103.707864,-10435215.206407547,-0.355078991086287,-0.13742783595248206,-0.28390841946026657
0,edge_t20_r5,27594415,11.914268778002706,11.887723999348255,11.863342509833933,3899587039.0883555,3883607489.2240686,-15979549.8642869,-0.40977543786335374,0.049944626237052085,-0.08571776714264087
0,edge_t5_r1,36576870,10.89707578115119,10.876541088059984,10.875917873084337,4327012485.825497,4326516633.016923,-495852.80857372284,-0.011459472562144116,-1.318454905699663,-1.4265259803018466
0,edge_t5_r3,63132200,9.242486000513402,9.226682513327665,9.21543996129851,5374549629.510701,5361460018.771276,-13089610.739424706,-0.24354804852023262,-0.3258558439728518,-0.42802700839795893
0,edge_t5_r5,81215731,8.361873267822062,8.348070774710882,8.334179143034453,5659947493.441764,5641126261.765083,-18821231.676680565,-0.3325336798351735,-0.05276879303819534,-0.1512357161595916
0,near_missing_r5,12333029,12.10363229596437,12.095996848487992,12.114338231644892,1804484195.7242546,1809960689.980151,5476494.25589633,0.3034936115745953,-2.235276035272431,-2.3491884234707703
0,nonedge_t10_r1,115887424,4.761013141285602,4.7625839054116295,4.743494180351252,2628582360.9445386,2607552453.554134,-21029907.3904047,-0.800047497193428,0.4193302201781108,0.3437881678359224
0,nonedge_t10_r3,93936797,3.3434091021047183,3.351558896491769,3.334759454815342,1055187065.493836,1044635481.8340102,-10551583.659825802,-0.9999728014944512,0.4107380385848033,0.34172592689269926
0,nonedge_t10_r3_away_missing,91289397,3.0665180968009644,3.0748529446734714,3.05383010547329,863115745.2409635,851353807.6978204,-11761937.543143034,-1.362730040321458,0.4627156085729273,0.3937661914260077
0,nonedge_t10_r3_near_missing,2647400,8.507642233744377,8.517683108204574,8.544478416262717,192071320.2528702,193281674.13618994,1210353.8833197355,0.6301585690806166,-1.3815868921929944,-1.4527608786396022
0,nonedge_t10_r5,77191628,2.447918905933241,2.46123937781261,2.4465241091264076,467603668.96359575,462028962.2762652,-5574706.687330544,-1.1921862588645664,0.37853000719327934,0.31499748419921353
0,nonedge_t20_r1,129840344,5.839663874795671,5.834832902067261,5.82009787896726,4420450216.931456,4398151997.9049015,-22298219.026554108,-0.504433212281098,0.23374259760044097,0.15434041163099374
0,nonedge_t20_r3,119129292,4.958410470639316,4.958265211004622,4.947257120347267,2928721439.8728485,2915731476.106374,-12989963.766474724,-0.4435370189060619,0.1821793558169968,0.10795878165987115
0,nonedge_t20_r5,108331838,4.259621747121318,4.2621824141249585,4.2541120223277495,1967977719.698771,1960532090.59017,-7445629.108601093,-0.37833909571602065,0.1663069256821948,0.09653289750779168
0,nonedge_t5_r1,99349383,3.9361774022205416,3.937817932512739,3.9084031544138704,1540552272.9616249,1517622946.7973092,-22929326.1643157,-1.4883835210755532,0.6806230629668379,0.6066480544544549
0,nonedge_t5_r3,72794053,2.593575591231941,2.602448674573489,2.5750253229988407,493015129.27641153,482679561.0429611,-10335568.233450413,-2.096399810005774,0.5490355645886285,0.4823820055006268
0,nonedge_t5_r5,54710522,1.9307822831236887,1.9480329746096616,1.9263129108992798,207617265.34536228,203013318.04915375,-4603947.296208531,-2.2175165868551754,0.43282686601439146,0.3724141732057874
1,all_valid,135926253,6.578612345736153,6.553583626274441,6.5585627257963415,5837958941.429169,5846833115.434304,8874174.005135536,0.15200816062887695,-0.025648050961760895,-0.010911551743366712
1,away_missing_r5,123593224,5.742658102524294,5.727732705060608,5.7342548573160075,4054713252.157674,4063952689.5500793,9239437.39240551,0.22786907033410658,0.21159900868511378,0.22854183862992125
1,edge_t10_r1,20038829,12.746525013413928,12.701934670573861,12.702576821605946,3233047525.1474833,3233374429.2511535,326904.10367012024,0.010111329979759815,-1.480003676522274,-1.4623717623964847
1,edge_t10_r3,41989456,10.728008894321851,10.689276348147393,10.693144500684298,4797741647.506095,4801214614.955912,3472967.449816704,0.07238754616189015,-0.5442245710804378,-0.5320368406207957
1,edge_t10_r3_away_missing,32303827,9.979930922316418,9.954636573181736,9.96094116139131,3201140930.2819824,3205196983.183535,4056052.901552677,0.12670647715579916,0.07210104928712538,0.08932557357442963
1,edge_t10_r3_near_missing,9685629,12.913433999571293,12.839090057368256,12.836745397812477,1596600717.2241144,1596017631.7723808,-583085.4517335892,-0.03652043027685435,-2.599813961921387,-2.604425111167283
1,edge_t10_r5,58734625,9.606290800481103,9.570082848938041,9.574972565736012,5379297894.744678,5384796272.000708,5498377.256030083,0.10221365991650583,-0.28300174256494615,-0.2716888541321754
1,edge_t20_r1,6085909,15.46137900656083,15.42061195600984,15.41769333768973,1447200392.7035635,1446652628.9864125,-547763.7171509266,-0.037849887265966733,-1.6794018525989762,-1.6550277939769407
1,edge_t20_r3,16796961,13.260837489697288,13.232568236779667,13.23354765936955,2941162352.4492593,2941597755.0716085,435402.62234926224,0.01480376022039993,-0.09066998977125916,-0.07285289622733625
1,edge_t20_r5,27594415,11.914268778002706,11.884949581122429,11.887773503435648,3897767040.096434,3899619517.281748,1852477.1853137016,0.04752662655969993,0.03973880665023533,0.05440645585456708
1,edge_t5_r1,36576870,10.89707578115119,10.845930577121088,10.84805268833914,4302691209.785288,4304375100.804648,1683891.0193605423,0.039135762648525536,-1.4290872410218216,-1.4168785275537028
1,edge_t5_r3,63132200,9.242486000513402,9.20457663438125,9.208619611501996,5348827097.487032,5353526919.263111,4699821.776079178,0.08786639931373426,-0.45871468126190557,-0.4477572218738575
1,edge_t5_r5,81215731,8.361873267822062,8.329364676205218,8.33391432325131,5634610642.115846,5640767772.206959,6157130.0911130905,0.10927339051773477,-0.19730917429335204,-0.18588126025317522
1,near_missing_r5,12333029,12.10363229596437,12.024602122370572,12.023370555721376,1783245689.2714953,1782880425.8842216,-365263.38727378845,-0.02048306576437084,-2.4031766358923194,-2.410550481803875
1,nonedge_t10_r1,115887424,4.761013141285602,4.741091367959641,4.748863263819852,2604911416.28168,2613458686.1831465,8547269.90146637,0.32812132681528844,0.22583379823177324,0.2400696329068487
1,nonedge_t10_r3,93936797,3.3434091021047183,3.327699956174007,3.336328116776804,1040217293.923071,1045618500.4783803,5401206.555309296,0.5192382963504873,0.20615404012035568,0.22202983104410573
1,nonedge_t10_r3_away_missing,91289397,3.0665180968009644,3.057806453145957,3.0670767848198808,853572321.8756938,858755706.3665483,5183384.490854502,0.6072577985500051,0.2609620025851134,0.2778051516731518
1,nonedge_t10_r3_near_missing,2647400,8.507642233744377,8.3965014111526,8.40139950712158,186644972.04737872,186862794.1118327,217822.06445398927,0.1167039551425454,-1.683770355213316,-1.70125164803245
1,nonedge_t10_r5,77191628,2.447918905933241,2.437590949145921,2.4465449750901866,458661046.6844991,462036843.4335918,3375796.749092698,0.7360112164517036,0.17017075685867702,0.18751226002438462
1,nonedge_t20_r1,129840344,5.839663874795671,5.815203926107897,5.8214398790747035,4390758548.725602,4400180486.44788,9421937.722277641,0.21458564887409526,0.05186710985118446,0.06615187498057579
1,nonedge_t20_r3,119129292,4.958410470639316,4.931167103936574,4.9383444684006506,2896796588.9799266,2905235360.3626986,8438771.382771969,0.29131390912551386,-0.01648010450634564,-0.002177962127264558
1,nonedge_t20_r5,108331838,4.259621747121318,4.231986639124385,4.23963765802544,1940191901.332739,1947213598.1525595,7021696.819820404,0.36190733581544815,-0.04230346933000951,-0.02754943255390496
1,nonedge_t5_r1,99349383,3.9361774022205416,3.931058201501313,3.940252820452,1535267731.643874,1542458014.62965,7190282.985776186,0.4683406573052412,0.49104778808267613,0.5067149271096304
1,nonedge_t5_r3,72794053,2.593575591231941,2.5921791825504163,2.603216779689406,489131843.94213355,493306196.1711924,4174352.2290588617,0.8534206637245041,0.3499382502630767,0.3679522026324498
1,nonedge_t5_r5,54710522,1.9307822831236887,1.9279015080780124,1.940738624104172,203348299.31332013,206065343.22734496,2717043.91402483,1.3361527601656478,0.2291764892913248,0.24882445990501453
2,all_valid,135926253,6.578612345736153,6.5677555101937175,6.564873374677544,5863234984.807136,5858090173.938619,-5144810.868516922,-0.08774696702158791,-0.18920472941355435,-0.0007318951746040163
2,away_missing_r5,123593224,5.742658102524294,5.7016969039188306,5.721252852745168,4017935078.062646,4045544150.736554,27609072.673908234,0.6871458133967829,0.0783560591919846,0.23140453113873044
2,edge_t10_r1,20038829,12.746525013413928,12.763121484735722,12.739260821128134,3264270538.7806067,3252076835.8800535,-12193702.900553226,-0.37355062197474226,-1.942404602346395,-1.6311267490432841
2,edge_t10_r3,41989456,10.728008894321851,10.72531573081824,10.713511998978221,4830147794.48145,4819522019.440384,-10625775.04106617,-0.2199886109738992,-0.9050391249063137,-0.6111673108151314
2,edge_t10_r3_away_missing,32303827,9.979930922316418,9.927332073520473,9.951240893193669,3183604241.9695992,3198957385.730617,15353143.7610178,0.48225666867183453,-0.24438088519562956,-0.02528432548064207
2,edge_t10_r3_near_missing,9685629,12.913433999571293,13.038351844893826,12.935084304196788,1646543552.511865,1620564633.709774,-25978918.802090883,-1.5777850979076171,-3.1084881194670664,-2.5652234284393853
2,edge_t10_r5,58734625,9.606290800481103,9.598234919259745,9.590067697608825,5410992732.965141,5401788129.126225,-9204603.838915825,-0.17010933655185012,-0.5893549802207582,-0.3167583528720052
2,edge_t20_r1,6085909,15.46137900656083,15.463064627036081,15.466367966832674,1455179594.898661,1455801394.8111918,621799.912530899,0.04273011487452869,-2.3193543683843134,-1.9866664936790928
2,edge_t20_r3,16796961,13.260837489697288,13.220450461999961,13.247560476509342,2935778057.6623144,2947830686.1311564,12052628.46884203,0.4105429031797871,-0.6165888469504314,-0.3055043109823253
2,edge_t20_r5,27594415,11.914268778002706,11.878433844717167,11.898928101801197,3893494432.8421745,3906941173.8461323,13446741.003957748,0.34536433108861264,-0.4063418893042268,-0.10887084315061657
2,edge_t5_r1,36576870,10.89707578115119,10.936858235478242,10.894981949616167,4375137479.205609,4341697573.967298,-33439905.238311768,-0.7643166734130473,-1.7842398937283852,-1.4675769399721075
2,edge_t5_r3,63132200,9.242486000513402,9.246399630839562,9.231378781038973,5397544645.181778,5380022180.963155,-17522464.21862316,-0.3246376893661255,-0.7408865274780599,-0.4723706690579015
2,edge_t5_r5,81215731,8.361873267822062,8.354778026183668,8.347548115974169,5669046108.615181,5659238795.951775,-9807312.663406372,-0.17299758152438233,-0.44032276788502184,-0.19877721972426124
2,near_missing_r5,12333029,12.10363229596437,12.232031858873532,12.122987155646237,1845299906.7444966,1812546023.2020693,-32753883.5424273,-1.774989714285097,-2.870516877446371,-2.3270451906272815
2,nonedge_t10_r1,115887424,4.761013141285602,4.735676358486315,4.742094043024827,2598964446.02653,2606013338.0585704,7048892.032040596,0.2712192559162328,0.11395217272384173,0.2811900127552372
2,nonedge_t10_r3,93936797,3.3434091021047183,3.316275591258636,3.3250610758036356,1033087190.3256814,1038568154.4982285,5480964.172547102,0.530542264377436,0.13077101824611745,0.2721308364116096
2,nonedge_t10_r3_away_missing,91289397,3.0665180968009644,3.023145002936814,3.0452683452862055,834330836.0930508,846586765.0059366,12255928.912885785,1.4689531277876575,0.19256032343973847,0.32223690258116655
2,nonedge_t10_r3_near_missing,2647400,8.507642233744377,8.664644098380576,8.515688819302575,198756354.23262936,191981389.49229172,-6774964.74033764,-3.4086783119437043,-1.9998886524400763,-1.455659662440454
2,nonedge_t10_r5,77191628,2.447918905933241,2.420474252446556,2.4313143157880583,452242251.8419986,456302044.81240195,4059792.9704033732,0.8977031566306982,0.11526708357654174,0.23973065191580353
2,nonedge_t20_r1,129840344,5.839663874795671,5.826646800058431,5.822834347929001,4408055389.908478,4402288779.127426,-5766610.781051636,-0.13081983484720605,-0.08935982404917166,0.09235332683042899
2,nonedge_t20_r3,119129292,4.958410470639316,4.957194698409218,4.942612651797516,2927456927.1448407,2910259487.8074617,-17197439.33737898,-0.5874531979588067,-0.12894453451298918,0.042240326822636405
2,nonedge_t20_r5,108331838,4.259621747121318,4.26409092934577,4.24391974004145,1969740551.96498,1951149000.0924773,-18591551.872502565,-0.9438579032124788,-0.13389529303212258,0.026813386648395245
2,nonedge_t5_r1,99349383,3.9361774022205416,3.870197314096118,3.9068185492158167,1488097505.6015434,1516392599.971319,28295094.369775534,1.9014274443217767,0.398029857142179,0.5393076993712671
2,nonedge_t5_r3,72794053,2.593575591231941,2.5293018646848022,2.5626947777224367,465690339.62537944,478067992.97545105,12377653.350071609,2.6579149913285094,0.2892531140007693,0.40830692288042464
2,nonedge_t5_r5,54710522,1.9307822831236887,1.8839819819772297,1.906465160490885,194188876.19196907,198851377.98684755,4662501.794878483,2.4010138409108865,0.18357064022642738,0.29325900852089826
