terrain_id,samples,valid_pixels,improved_seeds,mean_delta_sse,seed0_delta_sse,seed1_delta_sse,seed2_delta_sse
00016,1,33282,2,-19896.20416329025,-1887.4883135883138,17656.891077503562,-75458.015253786
00021,1,53654,2,22444.441906574182,105727.2357758712,-28700.152205748484,-9693.757850400172
00039,1,64173,1,1751.7330127197008,-19990.81512259599,18753.78674856294,6492.227412192151
00042,1,64976,2,-33598.116423028056,-57288.16937002074,6925.690215684008,-50431.870114747435
00047,1,65077,2,-459.1804921188547,33157.51561513264,-17016.223742217757,-17518.833349271445
00057,1,65514,1,3493.3816791210943,12190.066446792334,1605.2942583449185,-3315.2156677739695
00059,1,64915,1,14779.996110393666,44879.03695989866,-8412.224153525196,7873.175524807535
00068,1,37734,1,-1426.7263570322345,-66765.08499498945,46943.00683273096,15541.899091161788
00074,1,62724,2,-77035.29521214527,76922.50619993173,-103768.6693301145,-204259.72250625305
00087,1,65427,2,-8018.149979736986,-6098.855547732732,3910.00625527557,-21865.600646753795
00106,1,65080,0,1796.862604411319,582.6497569791973,4578.212315390818,229.7257408639416
00109,1,65250,2,-5988.839336550173,-8139.45671651233,9308.101189719513,-19135.162482857704
00116,1,51982,0,35970.94039342521,16129.7514506476,5502.602820906788,86280.46690872125
00123,1,44949,3,-564425.2676488416,-1357310.9132967852,-179057.5899266526,-156907.29972308688
00124,51,2795298,0,2335225.4752800367,1138912.1125316024,288669.34328478575,5578094.970023721
00129,1,61614,0,13861.113653686518,3135.428817011416,28761.351457447745,9686.560686600395
00141,1,61334,1,99932.09290509857,-66698.70456770808,36992.34432765655,329502.63895534724
00144,1,57032,2,43625.538400389254,-61105.188924307935,-5828.234576744027,197810.03870221972
00148,1,62924,2,1086.0776721726481,-18459.39778915327,25788.538225269644,-4070.9074195984285
00155,1,65251,1,64143.60988538363,-14423.868513911963,23669.772256278433,183184.92591378442
00161,1,39651,2,-1802.9383800234646,22769.82917771302,-9013.041376494803,-19165.602941288613
00185,1,43263,1,6201.160010186334,2374.5237884093076,-2363.120810343884,18592.07705249358
00188,1,55700,1,314.0123594325657,12122.015478580259,3911.9205520143732,-15091.898952296935
00197,1,63398,3,-5092.6114813331515,-7639.439635000192,-6733.779102741741,-904.6157062575221
00217,1,39039,2,28355.09926823713,-9545.937627907842,-25818.090058014728,120429.32549063396
00221,1,64379,2,-5826.518107074934,-12959.489132067189,13457.549765125848,-17977.61495428346
00239,51,2806081,1,869832.2248299122,-108676.4251934588,141451.36356577277,2576721.7361174226
00247,51,2885106,0,1433851.4003153045,1318677.2342100143,884517.1440430284,2098359.822692871
00249,1,54016,1,28945.35922380661,61404.038187243044,-6742.92860466335,32174.968088840134
00266,1,54537,0,139926.6631355261,30229.03867334593,55209.8176250821,334341.1331081502
00276,1,64538,2,-37250.993818928175,-116536.48550467286,55567.36703005899,-50783.862982170656
00293,51,3295436,1,199602.0176488956,-1037449.1251477748,225839.53177328408,1410415.6463211775
00319,1,50761,2,-21095.343656072702,-30775.24289918039,7732.0231972094625,-40242.81126624718
00320,1,61999,1,23122.97449577367,38947.10136305727,-24916.062497351784,55337.88462161552
00322,1,64134,1,22783.269844363753,-10697.238807694055,10173.523862552829,68873.52447823249
00327,1,64022,1,1797.271224943339,2063.456200208515,-1899.2847077621846,5227.642182383686
00331,1,39488,2,-23997.410064289656,-44461.860949163325,10828.906109271571,-38359.275352977216
00335,1,39219,0,15080.632688179923,24745.662122863345,848.3694444857538,19647.86649719067
00350,1,65470,3,-9883.24999452751,-6477.798090820201,-14179.660819599405,-8992.291073162924
00360,1,44754,2,-53641.92867477611,33265.44186650403,-57713.80786533654,-136477.4200254958
00385,1,65039,2,-781.3056486103063,3670.211307408288,-562.6101659536362,-5451.518087285571
00386,1,64527,2,-10136.532103352249,-29177.1137829246,1196.6211494272575,-2429.1036765594035
00394,1,64953,1,-36724.07352919659,35829.20508030057,7065.380477301776,-153066.80614519212
00395,1,62589,1,2621.2681806264445,-8675.049705759622,10678.346004077233,5860.508243561722
00397,1,55800,2,9976.390100312108,42300.605532538146,-8688.53434448596,-3682.9008871158585
00415,1,27924,2,4060.879641244188,-254.96330277714878,-4727.5682816552,17165.170508164912
00419,1,65056,2,-21504.662739402305,-3677.553620609455,1955.8485325137153,-62792.28313011117
00445,1,62453,1,27429.40348465958,58419.44258323684,-23012.054320015013,46880.82219075691
00449,1,65157,2,-10399.325585136501,-11544.87217732519,3316.6032417630777,-22969.70781984739
00453,51,2861638,2,-177412.12807784477,-829746.1009213924,461795.33243355155,-164285.61574569345
00454,1,24592,1,-7217.665387883161,136192.93508340046,-185774.80189785548,27928.870650805533
00464,1,64623,2,125870.70822513725,-149364.33478251472,-33693.60469945334,560670.0641573798
00476,1,63327,0,11908.533999439329,16647.462093988433,9207.045056051575,9871.094848277979
00488,1,52562,2,-59706.581490193494,-36565.281809477136,9516.215567780659,-152070.678228884
00500,1,63079,1,81827.380026207,148772.25572437514,-101564.18163173646,198274.0659859823
00512,1,65451,2,-58107.53048045654,-40897.654003252275,53900.86201753933,-187325.79945565667
00524,1,65198,1,28911.947064480744,9289.351916239597,-30625.366415877827,108071.85569308046
00527,1,48900,2,-53974.113510138974,-148569.59527399857,-26290.016570211388,12937.271313793026
00536,51,3262830,2,-1337880.6630775183,-2293971.4622386247,723955.3413301408,-2443625.868324071
00562,1,63021,3,-24573.055887861177,-5640.362497288734,-5329.494903676212,-62749.31026261859
00569,1,64565,1,8936.85888522549,-1612.9851674903184,8368.320577570237,20055.241245596553
00577,1,65505,2,-1063.190055197095,-9913.226613954641,19059.4451908395,-12335.788742476143
00598,1,65050,2,-18459.228847885894,-47787.78955554799,25670.514267651597,-33260.41125576128
00618,1,65008,2,15171.27181037981,-13979.004191393033,-952.7182966060936,60445.53791913856
00621,1,57186,1,-1643.3451524528984,48969.5309603503,-55836.50452089403,1936.9381031850353
00623,1,65043,0,1976.4423070503399,875.1313777025789,3307.8375993305817,1746.357944117859
00631,1,64906,2,-973.8501093843952,-11097.327578917146,8715.39713058807,-539.6198798241094
00646,1,53355,1,-6464.717988001804,-50160.92486070562,1751.2625855905935,29015.508311109617
00689,1,61058,1,173361.981238433,33909.87211054657,-6482.626616946422,492658.69822169887
00692,1,61847,2,55255.31811632371,257114.81114627048,-41971.05851165019,-49377.79828564916
00701,1,44384,2,-29844.620872080017,-25732.05347171519,8634.286012858152,-72436.09515738301
00711,1,56626,2,2724.9971786802635,-36877.91782059334,-3045.077628724277,48097.98698535841
00718,1,38770,2,3794.367423403077,165651.4137643464,-26229.614702233113,-128038.69679190405
00726,1,55166,2,-11582.859594576372,183712.22192434408,-45925.69653436728,-172535.1041737059
00736,1,65043,2,-28053.98713145374,-31466.815729611553,33236.88682986982,-85932.03249461949
00756,1,64049,2,164057.09068419193,-64828.35112862056,-33447.219913643785,590446.8430948402
00762,1,65454,2,-4632.599732310201,-6359.15391162131,6155.696297087707,-13694.341582396999
00769,1,36593,1,1193.467313438654,-9249.789455839433,8843.399707687087,3986.7916884683073
00770,1,64884,1,2761.2244234345853,-14241.429070103914,5366.495409234427,17158.606931173243
00776,51,3217063,1,524133.1131545107,425266.65821796656,-191347.74067860842,1338480.4219241738
00808,1,59312,1,49026.45662885811,-4169.938295673579,3178.830886703916,148070.477295544
00823,1,38638,1,9973.9324197229,63555.12840932794,-67412.49660777114,33779.1654576119
00835,1,65219,1,4622.582922237615,-3092.6907346844673,3894.267390740104,13066.172110657208
00843,1,65486,2,-462.349110716333,685.1225459212437,-812.3619626304135,-1259.8079154398292
00852,1,26205,1,29733.680894276127,-18453.631134719588,19419.511376988143,88235.16244055983
00858,1,64399,2,-106241.96648925946,23463.005005220883,-51698.52076645568,-290490.3837065436
00863,1,64953,3,-123696.96614204533,-83256.92531001382,-137193.5388576463,-150640.4342584759
00865,1,37371,2,250872.76138167953,-76306.53990716487,-113565.84657057188,942490.6706227753
00882,1,65027,2,-20621.132929880172,-16731.24452231545,38638.23559728172,-83770.38986460678
00887,1,51624,2,-850.2256281285469,-9928.932509585284,8372.175614260137,-993.9199890604941
00895,1,65157,1,3070.1452413694933,-11561.404098833911,2604.200860680081,18167.63896226231
00904,1,61782,0,31389.333820198663,46999.169876931235,159.62564444355667,47009.205939221196
00905,1,65450,0,1875.849963804086,337.52099030744284,1597.2464191112667,3692.7824819935486
00926,1,65460,1,38908.58584219062,-1662.0552409812808,15387.70118270535,103000.1115848478
00929,51,2949122,2,-70901.81243237853,-406251.3256368935,-220705.66885524988,414251.5571950078
00939,1,54748,2,282.7770090298727,22588.75097580161,-2267.704848579131,-19472.71510013286
00969,1,64788,1,1023.998076729166,-9982.867697528563,3586.217294034548,9468.644633681513
00970,1,64663,1,19400.213966846157,-15064.041730986908,8684.022740118206,64580.66089140717
00987,1,65055,1,49733.87030107676,-58534.506893365644,118531.37318665627,89204.74460993963
00989,1,65498,2,3048.633480698181,-1304.0138106551021,-2969.5147940450697,13419.429046794714
01012,1,65044,1,-9684.310444840929,44168.87586514652,6550.08188013616,-79771.88907980546
01064,1,46953,2,-40197.81588825552,-120971.64255686384,57629.782412764616,-57251.58752066735
01076,1,24521,2,-2254.5127418072275,-749.773096807301,3274.6167348762974,-9288.381863490678
01077,1,63432,1,5170.737445377163,-16894.505544744432,15957.516033665393,16449.201847210526
01087,1,61214,2,-29622.90007966757,94538.44918449502,-86882.99870471563,-96524.1507187821
01089,1,65338,2,-7347.999141844921,-28639.006992279552,-57649.70202664845,64244.71159339324
01096,1,60617,2,-1337.315867078801,-13450.22504757531,11631.91414413508,-2193.6366977961734
01099,1,59279,2,17462.374650901806,-28980.999069614336,-3452.9515056489035,84821.07452796865
01107,1,50439,1,27300.873730153467,-2248.847888974473,46555.681790716946,37595.787288717926
01108,1,64548,0,3001.247644625643,6279.036476600915,369.8636178347515,2354.842839441262
01137,1,63867,3,-17333.340409519773,-6454.782251538709,-3142.1990444483235,-42403.03993257228
01140,1,53838,0,117892.71461569704,247341.02745065466,10498.162844155915,95838.95355228055
01143,1,65003,2,-42723.035974362865,942.9314017863944,-17787.750127967447,-111324.28919690754
01152,1,59649,0,70054.62487375845,70064.49104338977,15811.412810733542,124287.97076715203
01156,1,65335,3,-16857.683362628642,-20226.429189376533,-2744.028076061979,-27602.59282244742
01161,1,31592,2,-23326.61609167916,-10651.83097265102,76618.70805960428,-135946.72536199074
01197,1,53826,0,45017.467147345036,16985.080702272244,875.6053983354941,117191.71534142736
01199,1,65089,1,101830.73466113908,-7712.224457296543,54594.917937329505,258609.51050338428
01221,1,64696,1,-8201.965736395447,2434.793625420658,-37063.84469012171,10023.153855514713
01222,1,59650,2,-8900.272509654285,38821.883247697726,-2893.7835028180853,-62628.9172738425
01238,1,50953,3,-64573.79304363299,-6711.595575320534,-6278.679871687898,-180731.10368389054
01259,1,48796,2,-96374.60584446539,-108509.08903246,48500.560842476785,-229115.28934341297
01264,1,63592,3,-49538.048114841724,-40026.00605567824,-22298.3312696208,-86289.80701922614
01270,1,63973,1,-29229.53644463296,42652.55460993759,16275.483400534838,-146616.6473443713
01283,1,51149,2,-193997.1840661165,-111249.18230464216,62418.64141520299,-533161.0113089103
01295,1,62127,1,14569.892156636342,67011.31739192549,-51835.28056889679,28533.63964688033
01306,1,61996,2,5400.0574170498485,-19683.841366480105,80268.05504986411,-44384.04143223446
01307,1,19928,1,24624.65873333781,-50334.59599127062,45157.14367994666,79051.42851133738
01320,1,65427,2,8022.818402766406,-9832.645097858971,-35143.96352567966,69045.06383183785
01334,1,24111,2,-9388.895292199217,-1463.4314457178116,-44289.229011957534,17585.974581077695
01344,1,61796,2,-48699.994630780384,-16397.994086633436,-137036.4772881372,7334.487482429482
01360,1,63800,2,-1623.4703268352896,41310.07539119944,-12026.218753414229,-34154.26761829108
01365,1,42438,1,76902.36495210727,-27962.877529817633,70269.81853789743,188400.15384824201
01367,1,51597,0,109931.01335458395,190321.32475763187,55236.54662701115,84235.16867910884
01373,1,36675,2,-5851.146629692365,7059.378480057232,-183.3037920165807,-24429.51457711775
01395,1,38763,2,5570.181863393635,-8823.584433584474,-3732.2722399681807,29266.40226373356
01404,1,65271,2,-416.473589552256,-4512.250214573927,-349.9690589522943,3612.7985048694536
01411,1,60391,2,-45665.43705255321,332119.0937969042,-170219.13757278956,-298896.26738177426
01412,1,63208,2,-689751.5147412425,-251941.67799001373,140541.20962556824,-1957854.0758592822
01423,1,65277,2,-26183.247742167983,-51350.227660881355,9804.022919984534,-37003.53848560713
01432,1,65085,2,3021.4989675460383,34514.32125073299,-3048.058629005216,-22401.765719089657
01446,1,46917,2,-6888.895806702785,-28087.407503730617,10954.419130499475,-3533.699046877213
01450,1,65046,1,3053.5071414085105,-15735.979729694314,17620.149046566337,7276.3521073535085
01458,1,61870,2,-26003.48768822841,36775.33857445535,-32641.808165017515,-82143.99347412307
01470,1,48401,2,-25801.800809027936,-119128.53065736592,70140.3133382881,-28417.185108006
01476,1,64430,1,-66943.86431729235,61713.56544506736,137101.85942092258,-399647.017817867
01486,1,44303,2,-45445.262402167544,-128627.13067116402,-10049.36482895445,2340.7082936158404
01496,1,27452,2,-31151.016765067663,-77205.09452970792,3917.6182658851612,-20165.574031380238
01514,1,63853,1,-8912.260513539426,10004.403154160827,2981.573631517589,-39722.758326296695
01533,1,46510,1,57045.516696251,80748.64733689185,117144.20680582989,-26756.30405396875
01534,1,65042,1,-15517.273369886601,-60547.9894347731,13646.061271633022,350.108053480275
01541,1,65509,1,483.75798833587515,-4679.064983156495,2439.2545497063547,3691.084398457766
01544,1,60552,2,-13014.15780616148,-6331.350998156704,5106.671810292639,-37817.79423062038
01545,1,47263,1,11723.898232063357,75928.78362640925,-48158.04424936394,7400.955319144763
01555,1,55258,1,56301.47854359603,132963.3667158233,-15044.726385906339,50985.795300871134
01565,1,65048,0,79901.20483501877,56999.62934234738,51401.89017319027,131302.09498951863
01572,51,2818998,1,189275.60863688588,-672742.1800423265,957285.9647244811,283283.041228503
01586,1,64502,1,4507.062056752232,-82713.35751243867,56026.01263967622,40208.531043019146
01597,1,57703,2,-8704.348291918946,6965.732856941409,-7602.081147020683,-25476.696585677564
01623,1,62856,0,144968.32371426187,112750.39904894494,55789.41971098911,266365.1523828516
01631,1,58908,1,-24732.628151979297,-110505.90324553754,6350.943075348623,29957.075714251027
01634,1,64081,1,34463.15588488616,12145.020936500281,-28326.213604174554,119570.66032233275
01650,1,53167,2,-15715.676134551255,-39387.366391772404,-51551.40873120539,43791.74671932403
01661,1,65039,2,-2698.465049753897,-10714.781643354334,-6147.6724534397945,8767.058947532438
01666,1,58255,2,-93978.68865499443,354746.8370316578,-129314.01703602262,-507368.8859606185
01669,1,65079,0,14679.227544436231,8406.272972508334,2183.2609299346805,33448.14873086568
01674,1,31774,1,63484.88438225662,60444.92828054074,-36381.729586591944,166391.45445282105
01686,1,65042,1,20476.322444366913,94562.55091500469,-33809.42592333816,675.8423414342105
01713,1,64658,3,-17375.097732508864,-19241.288482470438,-4117.435250998475,-28766.569464057684
01715,1,64325,2,24394.042814625427,-24458.804931543767,-5814.825634540059,103455.75900996011
01735,1,64027,2,-3166.5192417213693,-10138.163364526816,952.624775425531,-314.01913606282324
01764,1,50979,0,26438.366035008803,43330.71609146055,15773.848223186098,20210.533790379763
01765,1,57394,1,1668.3062236445646,63170.189003329724,-191315.88730115257,133150.61696875654
01768,1,53146,2,21626.932472188335,-7638.436655685306,-18197.33734678477,90716.57141903508
01771,1,60801,2,-7375.011844115953,16674.03787616361,-13178.261659741402,-25620.811748770066
01783,1,56778,2,19708.874843042966,-178943.3177505415,-106611.28385285847,344681.22613252886
01788,1,51943,2,-4742.717394263484,-70665.71798639,-58168.553935403936,114606.11973900348
01790,1,63679,1,1379.768665894866,-219207.0507509336,122339.14696864784,101007.20977997035
01812,1,44842,1,-10842.794660889855,47029.32978456933,5483.558069590479,-85041.27183682937
01814,1,61557,1,28677.408289891668,-897.307612137869,55156.52854633238,31773.00393548049
01841,1,65080,3,-25719.11019107948,-20889.012156516314,-6369.442255254835,-49898.876161467284
01850,1,63210,0,18197.68211423668,1819.2887740824372,1664.694976865314,51109.06259176228
01860,1,65075,1,1576.9179378499587,-1058.523594182916,1902.9174528690055,3886.3599548637867
01917,51,3290386,1,-165883.9178071966,-792768.3807724118,10689.057791993022,284427.56955882907
01918,1,59683,2,-30555.378380597103,-17634.470513874665,18817.375323063694,-92849.03995098034
01922,1,64069,2,-12810.851403355287,-21892.068611852825,10566.214922936633,-27106.700521149673
01925,1,62773,1,71490.90603675321,-8819.100528114475,53413.399622881785,169878.4190154923
01949,1,42924,2,-12443.098185030822,-7292.2454348942265,6786.19390033558,-36823.24302053382
01969,1,65502,0,5463.424515738152,3698.169189268723,9849.799507100135,2842.3048508455977
01977,51,2446545,2,-101465.09246437748,-154921.43974666297,-815528.6126725823,666054.7750261128
01994,1,61832,2,-13756.649736203874,-100695.10475838464,301270.72507419344,-241845.56952442043
01999,1,30687,2,-945.1964216952523,-4766.175599508919,-4148.420070640743,6079.006405063905
02008,1,64353,0,185331.51133772172,193427.13782911282,350121.0883029727,12446.307881079614
02009,1,60884,1,24789.754366319936,23711.533865460195,-439.33422140963376,51097.06345490925
02016,1,65505,1,1237.38173050154,3110.694622224197,-3492.8618227159604,4094.3123919963837
02019,1,62987,0,73500.90675696109,81965.3252573181,100832.91642341949,37704.47859014571
02037,1,56884,2,-19564.323575467493,-49310.69591430202,14858.399093739688,-24240.673905840144
02041,1,62229,1,34128.1994433181,74825.12190576596,51731.69925191905,-24172.2228277307
02047,1,63693,1,40532.75045821071,-12074.803615593351,86841.7830495676,46831.27194065787
02050,1,65405,1,-1324.997188180064,-8048.421922387555,2777.491892516613,1295.9384653307498
02056,1,65511,1,12590.688502238443,18687.675168134272,49292.675391212106,-30208.28505263105
02089,1,65423,2,-225006.0403529508,-473606.1376238875,-213309.07106656674,11897.08763160184
02111,51,3340551,1,77142.53454066192,142960.3524756655,-130497.0990994256,218964.35024574585
02114,1,65052,1,493.34904197230935,-46041.3239533212,41523.9409333393,5997.430145898834
02115,1,45869,0,50306.77472939467,47994.5334073836,4499.630771305412,98426.16000949498
02117,1,55994,1,-40781.04367480768,53390.08090464864,3679.0459631197155,-179412.2578921914
02121,1,65515,2,-30354.195873637684,-20934.091467537917,5519.148616811261,-75647.6447701864
02136,1,60207,2,2867.131020894274,-7380.656834359281,-4830.833533567376,20812.88343060948
02141,1,63230,1,34671.580626695104,-125560.29624944553,65219.33982530981,164355.69830422103
02145,1,11743,1,3273.3846913877446,-3233.1517915371805,1610.3112729638815,11442.994592736533
02155,1,65500,0,1880.8230526736006,4279.449837508611,202.3771045897156,1160.6422159224749
02157,1,64732,0,7634.399248703383,5005.121109999716,2693.9132859585807,15204.163350151852
02160,1,57050,2,-161192.5838142857,58640.444119288586,-42357.37455467787,-499860.8210074678
02170,1,63852,1,2115.2963687687493,8557.04124069959,-3908.0213996535167,1696.8692652601749
02171,1,44729,2,-8896.767241962565,13457.938829461113,-8713.398722125217,-31434.84183322359
02182,1,64369,1,12036.884047433734,-24439.46041215863,11210.08396891132,49340.02858554851
02187,1,65236,1,10371.474865752583,-17310.33044028189,16818.411380564794,31606.343656974845
02193,1,65373,1,1060.5829125720386,4001.0467048641294,-2367.4682389525697,1548.1702718045563
02202,1,65066,0,8325.38665788997,12114.13895888254,965.7106383219361,11896.310376465437
02211,1,62538,2,-29404.706968413044,-19121.702767866664,5874.58152317442,-74966.99966054689
02225,1,63017,3,-4871.228835719327,-8907.635279867798,-1859.22739270702,-3846.8238345831633
02232,1,61973,3,-92900.47313338316,-23820.552822097205,-2266.0331301884726,-252614.8334478638
02255,1,65079,1,7724.872495451612,-9020.892250178382,16181.504893911944,16014.004842621274
02262,1,60198,1,11003.665882828025,-14971.738789609633,15899.691575785168,32083.04486230854
02274,1,59841,1,8316.900014087869,-30465.224201195873,6042.473367059603,49373.450876399875
02277,1,63629,2,-2339.8881718308353,26496.363974696957,-10358.35936749354,-23157.669122695923
02280,1,59450,1,21045.908050832648,59106.077533990145,20622.17647249438,-16590.529853986576
02285,1,64413,1,7585.763962154005,-41664.50666569348,3872.1569622186944,60549.6415899368
02287,1,64688,2,-2402.4829378121844,-11221.153612065129,-27781.049346075393,31794.75414470397
02288,1,64919,1,149942.18127612802,94468.59588771686,-73719.47312725242,429077.4210679196
02296,1,65388,2,-6137.7517918127705,3996.652104474604,-435.0628976020962,-21974.84458231082
02297,1,61891,2,-25531.782282809105,49843.03479954973,-135.99302845355123,-126302.3886195235
02308,1,65058,0,88090.6364744644,26179.716033414938,104170.42156491056,133921.7718250677
02310,1,59050,2,-34847.52777530315,74468.09916199837,-14792.791558016092,-164217.89092989173
02319,1,63119,2,-56703.95261065507,-137229.5351042822,192900.9738775501,-225783.2966052331
02334,1,61567,1,26004.112915342208,-23801.168956379406,83682.74177127797,18130.76593112806
02341,1,62180,1,133203.88899460094,-18977.32883142028,19636.032124905847,398952.96369031724
02348,1,61119,1,-6697.624275425759,66.56164608336985,3539.4934400292113,-23698.92791238986
02383,51,2606213,1,-6838942.103650361,587977.5955992341,187710.85734811425,-21292514.763898432
02386,1,65055,3,-17878.788745338097,-13788.608939487487,-7430.719107125886,-32417.03818940092
02388,1,48737,1,56227.631238894224,32549.173956879415,-30097.806196379475,166231.52595618274
02408,1,65491,2,1739.909664276677,-7218.378308840096,-9157.51101386454,21595.618315534666
02421,1,65175,2,979.2782498204227,-15138.604203647817,25149.688284572214,-7073.249331463128
02423,1,59213,1,-44063.87597904223,22717.168773991754,40313.0940046208,-195221.89071573922
02437,1,64795,1,10128.812530067129,-1867.4387016324326,353.1132031204179,31900.7630887134
02473,1,58380,2,35397.79405951159,-90805.04541358631,-16215.024769687094,213213.45236180816
02490,1,56337,1,79680.46823548402,428137.160509903,185203.02956326492,-374298.78536671586
02510,1,62113,2,-34586.34130958654,-108690.47306523938,-21458.43677103147,26389.885907511227
02517,1,53335,0,94074.23140526253,73168.69925236702,61470.26007849071,147583.73488492984
02519,1,53385,1,-99746.21987931493,10905.314087474719,62596.83398660086,-372740.80771202035
02521,1,36164,2,9785.481621678608,63455.863315491006,-2387.9861306129023,-31711.43231984228
02547,1,60977,2,-8562.26017362283,-61784.205328214215,-2237.7318425923586,38335.156649938086
02552,1,65171,1,8981.54612627284,-9106.765768139623,1172.5844757957384,34878.819671162404
02564,1,51741,2,13396.670332537344,123048.10768145416,-33368.184153121896,-49489.912530720234
02585,1,53859,2,-114009.289397389,114532.21347201522,-89022.12297684234,-367537.9586873399
02593,1,60326,1,-40327.758976403005,-571128.6680525849,112191.56040290464,337953.8307204712
02595,1,47652,1,94650.61951863393,53845.37831853423,-74.0837727189064,230180.56401008647
02607,1,61624,1,-14905.06601420852,6473.003208344802,3428.6108598103747,-54616.81211078074
02609,1,20891,1,58915.66118720892,19527.160990841687,-97104.74538564403,254324.5679564291
02629,1,61919,1,-17182.69527263629,52584.7987492783,51427.00575764757,-155559.89032483473
02630,1,64787,1,2215.3147577798613,3677.6417424054816,7159.808776029386,-4191.506245095283
02632,1,54528,1,-3115.817841527673,27662.631948424503,27261.270990916528,-64271.35646392405
02634,1,64124,0,2731.159920610177,3660.004691931419,3857.1267347559333,676.3483351431787
02642,1,65027,1,-19062.13726930103,58908.912127835676,65016.46884536743,-181111.7927811062
02649,1,64709,1,2192.6937037206567,-19073.30513188429,8792.004400145262,16859.381842901
02682,1,65144,2,-994.9268261954809,-3705.6696119681,2093.999955688603,-1373.110822306946
02687,1,64321,2,-389.3600375438109,-11818.572136288509,11937.844842408784,-1287.3528187517077
02688,1,57371,0,105355.58702020037,71088.91414074041,10201.472320634872,234776.37459922582
02704,51,3061312,2,-605290.1297008693,-1457642.829869479,1300879.9154606164,-1659107.4746937454
02730,1,65232,0,6692.771728111159,10349.04264944233,9045.186061687768,684.0864732033806
02739,51,3145657,3,-538365.4093384991,-544015.5074792504,-152889.38763193786,-918191.332904309
02742,1,64920,1,-15400.207903938679,-76497.22874991596,23571.41852472257,6725.186513377354
02754,1,57465,1,109683.21779482409,34254.17856256664,-22717.99517257791,317513.4699944835
02759,1,51665,2,-5576.15817490841,48609.882446854375,-25900.430576333776,-39437.92639524583
02782,1,65109,2,-13076.218989659179,38513.306488209404,-28209.856620319188,-49532.10683686775
02799,1,65296,1,2202.298217598019,4584.51552604881,-2108.91616335421,4131.295290099457
02809,1,51631,1,1628.6038945525263,11512.740792199038,-10664.895440259948,4037.9663317184895
02815,1,65097,2,30228.950296362706,-46691.45610010484,-39355.81989637297,176734.12688556593
02828,1,63686,2,-35415.73249663692,-140921.9114082288,101962.77838751301,-67288.06446919497
02841,1,64346,1,18171.34499655757,30142.912625044584,-22942.615284857224,47313.73764948535
02844,1,40849,0,118058.46740291019,215216.6207306767,11430.399815077893,127528.381662976
02849,1,65050,1,-10910.18850377885,47134.273219181225,-83646.31164659746,3781.472916079685
02854,1,61182,1,26048.71560705919,-7182.054267546162,18231.79015798308,67096.41093074065
02856,1,57865,2,-59881.17518011915,-1113.4389365483075,4362.378474954516,-182892.46507876366
02860,1,65046,1,53118.071126912255,58173.66975616291,-95247.18693081429,196427.73055538815
02868,1,64926,2,9310.668774842285,-12860.082269326784,-7963.197235740721,48755.28582959436
02873,1,63355,2,14853.624606893087,276633.5084618507,-221054.7753500715,-11017.859291099943
02878,1,64448,1,29604.70064694931,-4357.157516743988,27167.62262364477,66003.63683394715
02897,1,61289,0,10568.877825677084,17384.36754377745,4087.5164743177593,10234.749458936043
02915,1,65478,1,3929.155777159147,8308.767020030878,-3802.9609020408243,7281.661213487387
02934,1,65058,0,49082.698648927115,103660.60848493781,1678.5369108328596,41908.95055101067
02936,1,65508,1,5010.981370239208,11578.18736550957,-4376.461420575157,7831.218165783212
02944,1,63522,2,-23658.82546909852,-72729.52368912892,49680.8719052223,-47927.82462338894
02948,1,65292,0,23108.60962715093,20222.414277705364,13900.967532324605,35202.44707142282
02958,1,60268,2,-7343.574852578963,-133961.2711272277,-30988.744107283652,142919.29067677446
02959,1,63739,2,-34177.70190717218,-63994.83290984202,39487.26747251116,-78025.54028418567
02966,1,57749,0,26561.258991866373,11938.206395774148,31161.044319556095,36584.526260268874
02977,51,2327738,2,-423766.86614233255,355544.84126621485,-823455.6421456337,-803389.7975475788
02983,1,64985,2,-5593.240727976275,-18936.827473373152,3375.1663071168587,-1218.0610176725313
02991,1,64499,2,-74588.9459606108,-15345.541247209534,9147.79776929412,-217569.09440391697
02998,1,64615,2,-115552.59477288851,-145643.77286513243,11833.255860196427,-212847.2673137295
03003,1,64526,1,1908.5247801033158,3665.0876254728064,-1596.736367797479,3657.2230826346204
03012,1,63881,1,-26861.97003278695,-101613.15930878092,19474.99097904004,1552.258231380023
03013,1,65255,1,4357.331490301837,1469.560452288948,-10939.679009819403,22542.113028435968
03014,1,62874,1,72159.21593178374,-140954.5324025564,54481.16289649997,302951.01730140764
03026,1,38616,2,-86558.22823342231,-34416.688569876365,22638.418746287003,-247896.41487667756
03030,51,3253112,2,-441629.22814615566,-1313050.6024032831,533227.9542029798,-545065.0362381637
03058,1,44104,1,10510.839186596684,134371.68536255788,15088.576944800094,-117927.74474756792
03059,1,53707,1,61721.28919715062,161119.77776983473,-53004.51899014227,77048.60881175939
03061,1,41840,2,17757.632626916515,-15889.97352142632,-2601.578810947947,71764.45021312381
03083,1,48538,3,-96390.19071707533,-36794.3056695424,-86764.12102767266,-165612.14545401093
03085,1,51687,2,70300.95712670202,-27820.6062668534,-32797.11472380441,271520.5923707639
03093,1,63944,2,38766.54063398376,-10647.717281754129,-6557.302148674615,133504.64133238
03116,1,65068,1,43631.39464436611,-46072.38121018093,20464.805270276498,156501.75987300277
03118,1,63021,2,13200.313442861972,-48127.13524413202,-17147.697317561135,104875.77289027907
03120,1,56688,2,26233.618899183348,-131304.8154909406,-14467.765377033502,224473.43756552413
03127,1,45248,0,253374.87912670863,127762.65554443654,136251.41026352067,496110.57157216873
03133,1,64599,1,9811.618177995397,28323.041050949134,-797.8313050176948,1909.6447880547494
03172,1,65308,3,-23484.004419308778,-31379.775447069667,-12289.495627303608,-26782.742183553055
03174,1,64704,2,-7716.871941374615,-13680.740004066378,4475.5502805784345,-13945.426100635901
03193,1,65047,1,-38593.6899611863,104567.0066156201,-465529.99346197024,245181.91696279123
03195,1,65444,2,-435.5191622003913,-2678.5655266800895,14771.201720193028,-13399.193680114113
03200,1,60009,1,8156.340584558435,102358.57189144008,13360.614662558772,-91250.16480032355
03214,1,48716,3,-260277.90174166672,-389317.4628014839,-139964.90880253538,-251551.33362098085
03239,1,59898,0,28275.226150815684,31794.87930654548,7708.631831324659,45322.16731457692
03241,51,3296991,0,161228.6764449353,21275.59311801195,455313.6912034303,7096.745013363659
03242,1,25253,1,-4347.6978418879835,4749.79170266632,3380.922152865678,-21173.807381195948
03255,1,65265,1,-9306.378354532024,1049.3419625787064,9476.388954631053,-38444.86598080583
03267,1,64347,1,81096.24650794144,68235.21721778344,-8443.155198099092,183496.67750413995
03275,1,64475,2,-5977.391858616223,2270.318576601334,-1430.800469650887,-18771.693682799116
03305,51,2664182,3,-2580981.9067829647,-5201824.337845206,-843325.2546031773,-1697796.127900511
03308,1,57311,1,-518.5334418124208,6498.168471704237,8036.550080372952,-16090.318877514452
03316,1,60916,0,87233.3641958561,8890.227027939633,16977.2914512977,235832.574108331
03347,1,59926,0,29310.620398812927,10903.251280825585,46179.99392155092,30848.615994062275
03355,1,65150,2,-61433.59418918464,1132.1441914690658,-2450.7424917817116,-182982.18426724127
03356,51,2349520,2,-722979.9814566573,84634.0471650064,-314347.8198578805,-1939226.1716770977
03390,1,54844,2,-28364.69694048073,9696.516508417204,-53747.59475915227,-41043.01257070713
03421,1,62542,2,-32553.84510292175,-43669.210379656404,55336.13474380784,-109328.45967291668
03425,1,62480,1,87056.17648452055,-15424.658187686466,177365.7544066282,99227.43323461991
03427,1,64038,2,-30379.22677550465,-62908.84711886197,7289.982064679265,-35518.81527233124
03436,1,65363,2,-10516.223385701267,-48262.260994024575,32333.076606803574,-15619.485769882798
03445,1,57181,2,-28188.39203856389,-33698.18142365664,-63807.83928089682,12940.8445888618
03461,1,65056,3,-27325.380435698975,-28096.55632791575,-11287.383092985488,-42592.20188619569
03477,1,61392,2,8939.920128707774,-111267.36342027038,-12951.14616409596,151038.26997048967
03483,1,63295,2,-1347.0102327692246,-2236.3091164929792,18848.51692490466,-20653.238506719354
03488,1,64837,2,2905.8770635559536,-5964.911618527025,-5117.448822229169,19799.991631424055
03502,1,63040,2,-55553.19762414073,-94329.55467005167,-104385.1603977289,32055.122195358388
03503,1,65041,1,956.689034947815,1020.0243562525138,10775.457761033438,-8925.415012442507
03511,1,60986,2,37330.500493030064,171604.61518399883,-2691.15379202459,-56921.95991288405
03514,1,57150,2,-13740.986480102874,-29168.104053999297,-14504.171620710753,2449.316234401427
03516,1,44149,2,-22687.604034716573,-80799.90234621521,44772.056072057225,-32034.965829991736
03524,1,64093,1,180188.619375982,369553.12164549157,-85787.10569881275,256799.84218126722
03526,1,49847,3,-3990.510971834961,-6360.734093249077,-882.5810595657676,-4728.2177626900375
03575,1,63658,1,12731.733014805475,-21793.519261877984,7123.086703534238,52865.63160276017
03591,1,64012,3,-47609.688765240055,-30610.43711165525,-9572.714581974782,-102645.91460209014
03596,1,40417,2,1452.2578156065817,-162.86968391481787,5443.362133974209,-923.7190032396466
03604,1,48167,1,15312.667688230053,4634.326950697228,84042.57385818195,-42738.89774418902
03609,1,64970,1,9771.76313758331,-27842.767455885187,23989.195151000284,33168.861717634834
03613,1,55153,2,5180.246116624524,-51623.195627620444,-5099.150220526382,72263.0841980204
03618,1,11799,1,-532.9546472926935,7781.408771511167,-9545.634421420284,165.36170803103596
03624,1,65202,1,17397.837439715553,3136.630064307712,-3865.781039376743,52922.66329421569
03641,1,65118,2,-31850.2167927986,-97108.98123531416,14654.314438079484,-13095.983581161126
03649,1,61776,3,-13615.287681695461,-11102.767644010484,-4991.484833324328,-24751.610567751573
03665,1,64165,2,-29900.992775953375,-119817.89418493025,-20992.151821152307,51107.06767822243
03737,1,44986,1,-3293.004087529456,2036.951885706745,-157735.17631973978,145819.21217144467
03750,1,54030,2,-120081.94591055687,-351975.80598853156,-18753.556087579578,10483.52434444055
03751,1,60611,0,256922.28777837753,85500.04800468124,288677.10045626387,396589.7148741875
03755,51,2954599,2,-957789.685046946,-2555576.916920066,1657481.4316364676,-1975273.5698572397
03769,1,58330,2,-18074.893515103187,-38833.985465183854,4018.7585791135207,-19409.453659239225
03776,1,65044,1,-7364.679270753637,-39571.859785381705,17258.546818070114,219.27515505068004
03806,1,65060,1,8973.666638605608,11703.32688893564,-4708.8872192194685,19926.56024610065
03807,1,65145,3,-11495.440735668564,-4080.1718397196382,-16338.074338758364,-14068.076028527692
03808,1,53921,2,38257.915946139336,-38286.43120875023,-18514.44671737589,171574.62576454412
03811,1,32061,1,4892.474048531614,-4606.799677819945,9070.309291062877,10213.912532351911
03819,1,65522,1,117.08795737630378,-9529.454276621342,9172.181650344282,708.5364984059706
03827,1,61056,1,1193886.311311539,294338.31082245056,-451688.2114410233,3739008.8345531896
03831,1,54298,1,-3126.561313693101,-25522.668752021156,9264.875755056739,6878.109055885114
03835,1,60420,1,37835.01202322667,51103.15332101844,-3272.17943947576,65674.06218813732
03853,1,64922,3,-11813.368018711917,-10638.665275986306,-12842.96192444954,-11958.476855699904
03854,1,62249,1,19580.505440630328,-31903.681386722717,76960.20902431477,13684.988684298936
03863,1,65049,2,1630.5099696836744,-8230.896881412715,-12389.547451681457,25511.974242145196
03909,1,55648,0,166888.0501861352,158269.35752205085,52650.03785212338,289744.7551842313
03922,1,57346,1,4839.421506999682,273.39646869525313,-3437.252302075736,17682.120354379527
03923,1,59459,2,-80226.18316748079,-117336.16276663728,117058.91913974192,-240401.305875547
03935,1,51920,2,-6520.371749230893,-18052.151200935245,-7125.046253426699,5616.0822066692635
03944,1,55341,1,4167.792286038089,-1561.8774013742805,9103.493328582495,4961.76093090605
03956,1,43139,2,126149.2721856758,-74297.76388184726,-46541.507367670536,499287.0878065452
03983,1,42768,1,-73967.0530995528,112210.76611537486,57253.33935755119,-391365.2647715844
04003,1,57735,2,-306492.5665292808,-369201.37419988774,12305.57500940375,-562581.9003973585
04012,1,53444,1,39309.16964975341,43057.79628997017,-25359.814923299477,100229.52758258954
04015,1,65084,1,106772.02710815023,-25227.278045373037,25602.312342532445,319941.04702729126
04030,1,65053,1,31770.34866501391,-12016.319181993604,17640.64980688691,89686.71537014842
04037,1,65460,1,2316.8996160856136,9518.490848120302,-24340.81045074016,21773.018450876698
04057,1,48376,2,13055.211225005798,273070.55717574805,-2983.064916028641,-230921.85858470201
04059,1,65033,3,-246994.2086148799,-234662.69520880282,-107635.93153910711,-398683.9990967298
04078,1,65301,1,-5210.251897345025,-29382.45962652564,3637.447647191584,10114.25628729898
04081,1,64573,1,-9782.550253553936,-60824.610121744685,4228.631842140108,27248.327518942766
04115,1,64052,2,-71415.5651891008,-151778.15507216938,-72307.41289023962,9838.872395106591
04123,1,43014,2,-103596.89383597423,-273274.13952668756,230042.21767282858,-267558.75965406373
04127,1,65135,2,-7784.214918509436,-13117.658960313536,-12465.441555167548,2230.455759952776
04141,1,65045,1,68838.90269832748,-345524.87605943345,41081.90583889559,510959.6783155203
04144,1,64222,1,20682.149926079746,67297.55887775682,-130333.8710315805,125082.76193206292
04146,1,57273,2,-36908.1667278111,21281.151986091398,-40708.68628597539,-91296.9658835493
04167,1,62246,2,-17398.655906507745,-23187.781116442755,388.56942441966385,-29396.756027500145
04197,1,45260,0,26302.57199749754,23564.770124273375,1097.1356127513573,54245.81025546789
04223,1,48144,0,43678.84312893357,40414.317359297536,7133.166187389754,83489.04584011342
04224,1,62038,2,-16046.56282377305,-16100.432926717214,4866.5590016571805,-36905.81454625912
04229,1,64424,1,6083.447295620727,2467.8454689141363,-56.12897243909538,15838.62539038714
04239,1,39348,1,-803493.6297119725,173562.45292311907,281473.8459958546,-2865517.1880548913
04243,1,63718,1,68966.44711638762,70741.26457805838,-76849.00693762116,213007.08370872564
04256,1,65017,0,6124.745848883875,7533.6090688388795,2754.636668123305,8085.99180968944
04268,1,65038,2,-768.9003136688843,-4958.062091697939,-10988.999689357355,13640.360840048641
04289,1,62658,0,36508.67510968292,41022.065887171775,12480.850223847665,56023.109218029305
04312,1,65050,2,3510.9657383464896,-26223.099901806563,-390.105495727621,37146.10261257365
04316,1,63867,2,-6236.752847010658,-28396.072504476644,18165.374796895077,-8479.560833450407
04319,1,51076,1,10809.24505479137,-65190.68520107679,86616.34812727198,11002.072238178924
04333,1,63587,1,4856.318154507317,-34617.31045173295,5865.2138744704425,43321.051040784456
04347,1,52126,1,74965.67477969996,41176.19403488748,-49842.67331228964,233563.50361650204
04348,1,46561,1,-10276.554814700969,26308.022860363126,3553.0122070210055,-60690.69951148704
04351,1,65199,2,-18839.960721668165,-3895.4378735851496,32220.873903901316,-84845.31819532067
04373,1,63826,1,16943.494493787875,-7260.213937830878,44075.897223965265,14014.80019522924
04374,1,59823,0,9789.116855596425,18425.765181531897,1237.1665490129963,9704.418836244382
04395,1,64910,1,41208.0789458612,-119685.56290086638,48023.77612414397,195286.023614306
04401,1,61547,1,-74311.99724073801,5328.419404354878,11359.622107466683,-239624.0332340356
04402,1,64390,3,-7608.653545184371,-6452.726913841441,-11031.366602519527,-5341.867119192146
04414,1,50663,1,30858.1399771804,88200.05611669179,-37553.080672345124,41927.44448719453
04416,1,64188,2,-25726.312832645763,-47703.208383619785,1362.752188933082,-30838.48230325058
04419,1,54358,0,46529.76698092961,39538.67121304013,8133.566884339787,91917.06284540892
04433,1,63549,1,40401.97643056946,82989.97176988516,-1677.058517165482,39893.01603898872
04434,1,65038,0,23239.3207992722,562.2591044399887,15723.034413068555,53432.66888030805
04452,1,59682,1,38453.5452877013,-6791.024072325788,16795.873940446414,105355.78599498328
04457,51,3184419,1,346321.6546660016,399351.20372490585,-618025.9836772531,1257639.743950352
04468,1,35258,2,-5053.451687268292,-27136.02308395505,14856.882812934928,-2881.214790784754
04477,1,46990,1,-22364.011481223006,-112540.10621887725,11054.554972637445,34393.51680257078
04483,1,65160,2,-3930.920581222512,-785.4168392587453,2910.7962371194735,-13918.141141528264
04489,1,52483,1,11003.083275936855,4613.229690832086,-18471.784598668106,46867.80473564658
04497,1,56741,0,96510.37659555457,44770.651249312796,29125.714367569424,215634.76416978147
04498,51,2921772,0,363722.18304823834,554908.3938685358,325387.5782609582,210870.57701522112
04499,1,47027,1,70867.21156542057,53542.062239601975,-45297.014539920725,204356.58699658047
04524,1,54875,1,12543.491631088778,9223.200384457596,-13323.873092154972,41731.14760096371
04537,1,60405,1,-18468.027297999866,27368.111602102406,39260.860851917416,-122033.05434801942
04542,1,54152,0,24113.11115988251,30322.78243777156,3590.747438886203,38425.80360298976
04579,1,65073,2,-404.0882278478239,-48139.13116779621,-6732.774410198443,53659.64089445118
04580,1,64439,1,5431.7149085597675,7485.551813016646,-6956.202460509725,15765.795373172383
04614,1,65045,2,10712.122088951059,58059.93702790979,-25378.085089345463,-545.4856717111543
04619,1,42457,2,-64696.36230372762,-81582.43959792703,71936.79602749273,-184443.44334074855
04620,1,56157,1,-61681.21205785731,15048.190258945804,8633.146077733487,-208724.97251025122
04626,1,65136,1,1790.1489413182328,3014.364361844957,7500.13262344338,-5144.050161333638
04632,1,65046,2,-3620.611225840364,23355.114284176263,-6684.831932023168,-27532.116029674187
04636,1,52040,0,182873.00028854035,5622.02573001897,151936.91484499257,391060.0602906095
04651,1,54868,2,-4742.3065739997355,3329.7325994130224,-6995.164227615111,-10561.488093797117
04673,1,61313,2,18875.251261005178,244858.09326259792,-20952.412013359368,-167279.92746622302
04676,1,30165,3,-27847.553889529157,-11212.383750069886,-34678.57262526732,-37651.70529325027
04678,1,65149,2,600.7454629639784,40678.91037444398,-31765.396072505042,-7111.277913047001
04703,1,61521,0,440309.25710828294,55411.44892239012,651205.9974289872,614310.3249734715
04710,1,65524,3,-13757.008443632163,-13062.263217369094,-7220.562298107892,-20988.199815419503
04715,1,45031,1,-4541.239646712008,-71764.94529285189,25551.99841846805,32589.227934247814
04721,1,60596,1,11517.906114582593,6448.8415715023875,-17103.75902941078,45208.63580165617
04731,1,50812,2,-13678.983044915522,-46295.72919456847,-4399.120204168372,9657.900263990276
04744,1,62255,0,30964.797750667978,29841.657189387828,6447.6093878811225,56605.12667473499
04749,1,63490,2,-82294.64162220682,-134564.87322462257,25845.767222874798,-138164.81886487268
04751,1,65079,1,3499.8644713728377,7508.806117324159,3691.978462247178,-701.191165452823
04765,1,58561,2,-24305.65035579105,-31857.563312656246,13592.220721892081,-54651.60847660899
04779,1,60358,1,19450.95324887832,20890.119827544317,-6163.179418304935,43625.91933739558
04782,1,65503,3,-25112.587674954597,-34289.301359712146,-28708.04252319131,-12340.41914196033
04791,51,3260498,0,390345.7663908501,87740.52512311935,343594.1779010296,739702.5961484015
04794,1,65250,2,14528.838689996706,-90660.6225236645,173423.72476776782,-39176.58617411321
04796,1,56018,1,-4545.447073789081,3641.999306634767,31388.95622544363,-48667.29675344564
04804,1,50220,2,-5932.342188465875,-25926.671584391035,45615.427572981454,-37485.78255398804
04812,1,64024,2,-112597.71141153667,-153741.2453387063,5752.2834683172405,-189804.17236422095
04815,1,62870,3,-38519.69786504842,-55922.29272700567,-34412.596335807815,-25224.204532331787
04821,1,64410,2,-483.41099261151004,23889.07175019011,-2791.5334873981774,-22547.77124062646
04844,1,63523,2,-24574.911040891195,15416.848961901153,-29891.804812565446,-59249.77727200929
04845,1,60702,3,-353397.04888136155,-121463.69984712079,-258073.5085093025,-680653.9382876614
04855,1,64866,2,-7874.483035391197,29371.913236853667,-13698.626492727548,-39296.73585029971
04861,1,42739,1,1812.226031479736,-181914.10455884133,20940.653821109794,166410.12883217074
04864,1,62549,2,6100.480803820072,-10684.008758644573,-10450.350951287895,39435.802121392684
04871,1,65393,2,-1075.4367464467261,4402.915049171075,-5909.3527450738475,-1719.8725434374064
04887,1,63795,1,7439.751111745562,21934.420634014532,-25838.298963854904,26223.13166507706
04889,1,64500,1,-16552.644551287096,40018.74677983299,23660.268426927738,-113336.94886062201
04895,1,65037,2,3464.6191175108156,-1764.5075050219893,-402.14403195492923,12560.508889509365
04898,1,64627,1,9604.060997058948,30908.924346211366,-5730.203123992309,3633.4617689577863
04902,1,63880,1,50732.35548321903,-356596.67513830215,79172.34650066309,429621.39508729614
04906,1,62316,2,4036.8860852513462,-10248.003307616338,-26819.333228150383,49177.99479152076
04947,1,60286,2,19789.449387654662,161602.4721413774,-89999.44189339597,-12234.68208501744
04963,51,3307727,1,4566.906299752493,-410256.6110203117,255173.08869810402,168784.24122146517
04967,1,37486,0,46677.41428424325,26019.921758188866,14540.318303122185,99472.0027914187
04985,1,64609,1,-8724.858437509896,4301.795864920132,9892.54456762597,-40368.91574507579
04991,1,54700,1,1551.1554029307638,537.1266486570239,25358.356427162886,-21242.016867027618
05007,1,65211,1,-17184.37516142917,10696.534071304835,-63816.926352995215,1567.2667974028736
05015,1,38326,1,-17399.701626661234,22929.733396559022,16592.77202549856,-91721.61030204128
05020,1,13784,1,-43661.55275262892,12028.909483380616,25178.67277492117,-168192.24051618855
05024,1,63233,1,70929.94185923289,-117617.27161169425,34821.93603144493,295585.16115794796
05026,51,2928995,1,375525.07894136506,-1800691.4259352684,368936.09921738505,2558330.5635419786
05039,1,62580,3,-13190.554600498328,-69.96952937077731,-2757.8465170012787,-36743.84775512293
05064,1,63484,1,41683.449926471025,-14729.579432917759,2763.9783882917836,137015.95082403906
05066,1,47219,1,407.5839808396995,-137052.33974640258,65395.613316623494,72879.47837229818
05070,1,55671,1,156327.27334329765,101713.05339369271,-117180.0331382947,484448.79977449495
05077,1,57300,1,-9703.973640187643,4260.374304427765,11498.592867610045,-44870.88809260074
05094,1,59360,1,-30130.326583933085,181393.74993345328,103640.5308360029,-375425.26052125543
05111,1,59486,1,13956.751892239476,51501.57628492173,70715.17011815868,-80346.49072636198
05126,51,2664743,1,310493.14673990506,-1411775.7024437636,866105.0375410467,1477150.105122432
05136,1,38671,1,30759.416246365756,-70710.07680608891,45285.4035464935,117702.92199869268
05145,1,65525,2,-842.4605674880246,-2926.3282681610435,2483.852998671122,-2084.9064329741523
05150,1,65351,2,-13948.40031458065,3468.4863038258627,-6236.518875674345,-39077.168371893466
05151,1,49312,2,-5514.974196151209,-337.75045635923743,28371.459580448456,-44578.63171254285
05159,1,42053,2,-15917.3462239032,-17597.718822123483,60022.520349137485,-90176.8401987236
05172,1,38859,1,48925.15671299157,-17325.28695390839,55244.215044780634,108856.54204810248
05190,1,55564,1,31991.61728196405,-21527.16222459916,10620.573868208565,106881.44020228274
05201,1,65079,1,12527.981190712502,-25164.12823834829,39820.85415819008,22927.217652295716
05208,1,57586,3,-57974.1183834138,-67650.5203407798,-14959.83513269946,-91311.99967676215
05222,1,62866,1,1528.0672885471333,15885.151369737461,8798.48800171446,-20099.43750581052
05241,1,64476,0,41116.851233245805,32332.884488501586,19780.191195909865,71237.47801532596
05268,1,65303,2,11332.338857967174,121432.30845941021,-54549.7397358045,-32885.55214970419
05271,1,64402,0,68094.78686688405,21157.245283572935,23162.19031783752,159964.92499924172
05287,1,65036,2,-104796.5002538284,-59094.04416703805,6932.003240771592,-262227.45983521873
05296,1,61201,0,28612.9706864506,3819.4897145554423,9744.219776937738,72275.20256785862
05298,1,63625,1,52760.637868853286,81822.92074248614,-11874.449634340592,88333.44249841431
05326,1,60715,0,167003.5190548366,54051.227846409194,90659.98963977583,356299.33967832476
05341,1,58987,2,-28753.94657255942,-11461.465955699794,37891.58188727219,-112691.95564925065
05350,1,64522,2,-10215.013252987215,-11497.860240617767,7283.0983192157,-26430.27783755958
05364,1,60539,0,28336.371845908772,52956.97765767109,9467.579209591262,22584.55867046397
05370,1,63189,3,-25196.55471658862,-3044.4193920455873,-6168.94042923674,-66376.30432848353
05372,1,63197,2,-50390.6040013895,-94264.8744194815,34075.332887092605,-90982.27047177963
05377,1,52727,2,10718.118276486173,-22670.474170312285,-4138.917855675332,58963.74685544614
05393,1,64931,2,11255.66785552632,-3687.5649294639006,-1230.6606819275767,38685.22917797044
05397,1,60195,1,-3962.4854017915204,4278.347092897631,7349.580610164441,-23515.383908436634
05401,1,64094,2,70.48861533469365,-9262.807075111195,-5086.97524411045,14561.248165225727
05427,1,64123,2,-16528.10991169776,-112729.26036279183,80182.3321500998,-17037.401522401255
05431,1,35946,2,19112.175811112935,-26861.983211188344,-42752.01278878725,126950.5234333144
05432,1,56080,1,23078.863398514997,-9371.601898660883,15732.913426535204,62875.278667670675
05468,1,53517,2,-62103.666539180245,-111067.90909641515,32810.779018099885,-108053.86953922547
05471,1,39320,3,-229890.07549665435,-21462.934664849192,-474243.2841224298,-193964.00770268403
05477,51,3202668,1,1271335.0128177304,-338931.4710021615,773054.95517838,3379881.554276973
05480,1,65060,1,-53920.549207002856,41207.15676466469,26271.08183019422,-229239.88621586747
05482,1,65471,0,12681.63222097295,7218.267474372871,2379.8499210588634,28446.779267487116
05496,1,30249,2,-19040.966881890472,-4270.163664816879,17976.599494135007,-70829.33647498954
05501,1,65455,3,-17476.10889491466,-1165.393948965706,-12572.404860107228,-38690.52787567105
05512,1,65190,2,-5988.089764939311,-28548.986064536497,-10936.842528736219,21521.559298454784
05516,1,65390,2,-5992.33044123898,26572.464303823188,-2976.2101426189765,-41573.24548492115
05528,1,35569,2,-79898.5314111514,-156961.05123626068,83893.79028916359,-166628.3332863571
05530,1,60677,1,4781.150469836469,8619.529292041901,-2048.7178330495954,7772.639950517099
05542,1,64716,1,15780.533985760334,-9741.333093304187,19294.97184913128,37787.96320145391
05598,1,41916,1,118523.73942762055,-88588.65953984298,38927.94107829034,405231.93674441427
05604,1,44239,3,-68142.13094047613,-4778.817328282632,-105311.733476758,-94335.84201638773
05610,1,57491,0,53606.1475444166,11843.955029077828,26113.937795924954,122860.54980824701
05623,1,65130,1,4677.151016576837,49110.219027286395,8400.75274201855,-43479.51871957444
05627,1,65038,2,1478.8085987598945,8205.038474011235,-849.8425549250096,-2918.7701228065416
05644,1,52290,2,-3346.387332196037,9246.150937538594,-11170.935295118019,-8114.377639008686
05658,1,57281,0,11501.390736391457,22897.148891399615,7085.803821733221,4521.219496041536
05661,1,65508,1,10552.852972035607,21940.540490513667,-6559.301741681062,16277.320167274214
05672,1,48722,2,39489.47026600208,-150011.79474689858,-17357.451524512842,285837.65706941765
05677,1,60753,2,-98631.6284162132,-203157.25744944997,100959.59342005663,-193697.22121924628
05680,1,65476,1,29782.348118697915,23558.063770430163,-12159.106277020648,77948.08686268423
05684,1,61406,0,71308.53430242883,25024.720094532706,26992.073597840965,161908.80921491282
05687,1,45325,3,-23374.72361232713,-56266.907141000964,-10119.84803000465,-3737.415665975772
05696,1,65041,1,4413.0318739560125,-146.85360485687852,7457.496507560834,5928.452719164081
05743,1,51224,2,5239.926841566029,111931.83368313406,-64571.92271493003,-31640.130443505943
05744,1,65058,1,-9099.719921520911,-45875.91360030603,6037.66503357701,12539.088802166283
05776,1,64375,0,55912.680012191566,38451.56835794449,46792.05987442285,82494.41180420737
05782,1,63513,1,-1588.960261857137,16163.24825851433,7384.608452431858,-28314.7374965176
05787,1,63194,2,-12974.80511558863,179431.02281168848,-86327.70345966797,-132027.7346987864
05790,1,63299,1,94047.02940785668,246830.73765185196,81872.39083899371,-46562.040267275646
05792,1,62790,2,61505.00536624094,-15702.427177766338,-26149.113996847533,226366.5572733367
05805,1,62546,1,5813.491532164626,-39106.10505270306,19531.234100968577,37015.34554822836
05810,1,54420,3,-24492.31702714755,-22385.84425242152,-5246.614404092543,-45844.49242492858
05830,1,40235,1,9571.771295252256,155498.8422406353,15213.080897630192,-141996.60925250873
05841,1,62983,1,30652.09201364747,-9380.346898776479,24141.932569773868,77194.69036994502
05845,51,3107794,2,-1076387.0352403324,-1887342.8048233688,7620.745370835066,-1349439.0462684631
05861,1,65095,1,1908.6071582951893,3525.4708046130836,9051.631871027872,-6851.2812007553875
05875,1,28051,1,-18768.135071506957,28220.524223458953,15566.690376983956,-100091.61981496378
05877,1,54161,2,-18200.951923328375,-111021.26341803744,58560.992346772924,-2142.5846987206023
05886,1,59609,1,14427.887334556319,91282.32483232953,-107077.3832362555,59078.72040759493
05898,1,64970,0,64953.06061639598,43040.547105909325,31308.65908464603,120509.97565863258
05918,1,65199,1,89881.78927870498,-25018.235052340664,4376.4579404480755,290287.14494800754
05936,1,32383,2,39499.42887263462,-24914.426270254888,-23168.834916918655,166581.5478050774
05942,1,65501,1,613.8182829221041,-3751.6306940307986,4478.664561373182,1114.4209814239293
05950,1,65056,2,-3610.7222331001735,-6437.8352658599615,3436.4100420009345,-7830.741475441493
05977,1,62797,1,15465.881672689691,25117.374523487873,28559.70062492974,-7279.430130348541
05978,1,47845,2,4443.201583222952,89125.58262265194,-29283.65359952068,-46512.32427346241
05995,1,51309,1,45179.67388258657,44879.33459560014,-6926.911920988932,97586.5989731485
06004,1,53827,2,-6168.149539519723,-1768.287978422828,22732.26207564678,-39468.42271578312
06005,1,44061,1,12079.272959015332,-6403.613866254687,12633.246718666516,30008.186024634168
06020,1,61247,1,-8598.002726883627,-216761.15924297273,84490.96059578657,106476.19046653528
06026,1,52120,1,149400.43999944688,-70556.04928634316,209178.74482362857,309578.62446105527
06039,1,62031,1,36035.8120297355,36174.51201647613,-321.31184197589755,72254.23591470625
06042,1,61149,2,-35409.706763243616,-78831.915480542,42496.98186959885,-69894.1866787877
06049,1,55964,1,-17040.743382047553,-185241.19498639088,76883.18998672254,57235.77485352568
06062,1,59477,2,17525.424554229092,240238.7700347677,-65684.80048787966,-121977.69588420074
06064,1,55653,1,5475.348040798989,3996.1359445611015,-3245.0275699635968,15674.935747799464
06066,51,3130660,2,-226245.1111305356,88688.44177618623,-167797.6672886014,-599626.1078791916
06070,1,43353,2,-5790.295725203119,-35312.75313241687,33222.23237785045,-15280.366421042942
06076,1,58854,1,29950.075450474087,-78531.88473972306,63029.0952602746,105353.01583087072
06085,1,65458,3,-45459.631205837824,-43778.484286086634,-11265.185838174075,-81335.22349325276
06091,1,61523,0,34612.728879179806,54580.682251689956,20140.772393943742,29116.73199190572
06099,1,65483,2,-4358.95462199642,-16718.999027151614,21050.785833521746,-17408.650672359392
06109,1,65509,2,-2696.290312706493,2438.904385807924,-8632.506667207868,-1895.2686567195342
06114,1,65480,1,29519.09670116349,-10183.581081836484,25431.646000703797,73309.22518462315
06116,1,57734,1,5110.797184142905,-29.029538261704147,4462.798563012853,10898.622527677566
06117,1,65307,1,-3291.8276938234144,4497.381063004956,7039.8355271127075,-21412.699671587907
06118,1,60708,2,157951.85293135978,-273800.85839505866,-2160.6477156989276,749817.0649048369
06128,1,55724,1,31168.478874958197,64710.71847158484,-25387.07106113597,54181.78921442572
06133,1,64697,2,1336.2308723116294,11056.84332860075,-1974.1858176076785,-5073.964894058183
06139,1,21282,0,33687.71694361597,31932.80060875404,10900.820844004746,58229.52937808912
06143,1,59763,0,10554.851985728912,1157.203407799825,4193.918094371329,26313.43445501558
06148,1,43653,0,165967.59250868703,88670.01182236895,62492.0112791108,346740.7544245813
06151,51,3042983,2,8360.853530655304,-582280.3927344382,-401155.71909973025,1008518.6724261343
06153,1,64965,1,12535.43169521913,-29706.40592383314,30049.760775920004,37262.94023357052
06176,1,63564,1,10311.107144612199,-4639.485067185946,20656.937844550237,14915.868656472303
06188,1,63550,1,110175.85768321063,-23845.991018245928,50425.97151717264,303947.5925507052
06195,1,55586,2,155936.38600110728,-117652.95191823319,-15444.894096587785,600907.0040181428
06196,1,43616,2,2602.2727068588138,-37758.35582028795,-4101.303880561143,49666.477821425535
06202,1,44305,1,5147.478387050952,-118980.81234213756,24408.397009869106,110014.85049342131
06208,1,62933,1,30008.462309538078,-53223.79940937646,57432.82920155674,85816.35713643394
06209,1,56842,1,12654.8081171078,27433.981230923906,-49806.98781743087,60337.43093783036
06213,51,2991433,2,-156341.50446370244,-554458.3251258433,618360.4461854696,-532926.6344507337
06214,1,63730,1,-5686.658602938056,5121.62172299251,29518.62035776954,-51700.21788957622
06215,1,56891,2,-15915.638244040465,-136449.42012428725,-46861.35650701076,135563.8618991766
06218,1,65501,2,1067.944284711266,22857.271571725607,-16683.420114617096,-2970.018602974713
06223,1,61668,0,30786.513006165,19625.217807086185,28663.21515857987,44071.10605282895
06225,1,55305,2,-8723.722992874682,-92269.43465519045,-11308.545620163903,77406.8112967303
06234,1,64410,3,-10376.417408370742,-17663.315735830925,-6284.125663071929,-7181.810826209374
06240,1,63780,1,-2946.15730716583,-195337.42427763436,109398.64213289181,77100.31022324506
06246,1,53270,0,19748.574777811806,6823.614708907029,8379.124299028888,44042.985325499496
06258,1,59135,2,-36905.126937222354,122218.7039943682,-16284.06298526004,-216650.02182077523
06262,1,65173,1,5607.968803015848,2824.367048908025,30545.194683085196,-16545.655322945677
06271,1,65044,2,-156900.32862768602,-342454.1842195038,15655.746379071847,-143902.54804262612
06275,1,58469,2,-8207.184506468786,-2556.5059525882825,16690.83721633721,-38755.884783155285
06292,1,58168,2,5078.174754543851,39284.31219826825,-10192.377321725711,-13857.410612910986
06304,1,64626,1,-3706.1657401990765,-27870.47220931016,6252.783050195314,10499.191938517615
06314,1,60348,2,-14104.58567927219,-16212.213762586936,24929.564240031876,-51031.10751526151
06330,51,3153984,1,-184435.41538990536,432079.69402363896,134120.89890688658,-1119506.8391002417
06335,1,60239,2,-14037.043597242175,-78506.79563027155,-4809.378820123151,41205.043658668175
06336,1,61925,1,9433.824467592873,32199.34120039642,-71951.85800657794,68053.99020896014
06343,1,63882,2,286.6290557676305,-8757.490153221413,10212.620149960741,-595.2428294364363
06357,1,64205,2,-13862.162980249463,-41676.74879468139,47106.9672461506,-47016.70739221759
06363,1,65449,1,9593.105691637224,-7570.281047227792,8708.997153609991,27640.60096852947
06364,1,47616,2,-21358.80269847531,-64639.23422763217,-27340.264713519253,27903.0908457255
06397,1,64103,1,-86868.62194831825,1537.0802554767579,5519.23143901024,-267662.17753944173
06416,1,47752,2,-254382.93897551423,94541.6533313198,-111964.97489372082,-745725.4953641417
06422,1,30729,1,20304.782194353018,67640.22214446962,-24928.68556460645,18202.81000319589
06443,1,64168,2,-17597.328405200813,898.8146452866495,-3272.8315650366712,-50417.96829585242
06447,1,64624,2,-14730.68844058388,-25905.25336011499,-41548.04594550375,23261.233983867103
06451,1,39453,1,274.02089740429074,-12322.833515095524,3278.439579870552,9866.456627437845
06453,1,59202,2,2673.944677939328,38122.09663852211,-11337.641545278952,-18762.621059425175
06478,1,53350,2,-34030.2344514473,8229.213143823668,-34256.955782315694,-76062.96071584988
06481,1,35199,0,30023.26526448992,34039.4485003443,12893.190141448751,43137.157151676714
06500,1,61880,1,6517.3946828436265,-40736.04872660502,18461.089466300793,41827.143308835104
06503,1,65040,2,530.9942351458594,-253.2092242948711,5891.692777789198,-4045.5008480567485
06504,1,65045,1,-304674.15943982947,19299.643663570285,29938.059046503156,-963260.1810295619
06506,1,64150,0,40182.79378455412,61047.783584425226,4688.973330996931,54811.62443824019
06507,1,64891,1,37985.25773267107,-71729.0729034245,36054.355398920365,149630.49070251733
06523,1,22398,2,-9759.591183699938,-51341.55189439561,35682.03477419354,-13619.256430897745
06524,1,65061,2,-9962.982266106023,-7274.086593753658,5142.221701509319,-27757.081906073727
06526,1,64381,1,-17065.71573940292,21088.674385715276,5626.575615165755,-77912.39721908979
06538,1,65043,2,-169164.9498353818,-231201.17065356392,10951.410960949957,-287245.0898135314
06602,1,65088,2,-12960.656727003554,-24777.963924716227,6772.54389784392,-20876.550154138356
06604,1,62355,2,24764.344892546535,-883.3108685845509,-9224.362215853296,84400.70776207745
06605,1,54752,2,-34137.56358529456,64382.33319001831,-9956.031163090374,-156838.99278281163
06614,1,61920,2,48579.82493329886,-35439.91872621607,-8111.249913974665,189290.64344008733
06624,1,47915,2,-118893.05662947086,-69874.60613979772,4607.377453044988,-291411.94120165985
06625,1,62402,2,-125840.96417771342,-307958.4235848747,294691.63331943937,-364256.1022677049
06635,1,64086,2,-55138.86540179731,-7504.812441186048,-166560.32777386345,8648.544009657577
06663,1,57607,2,-103552.04678169762,-131300.61318119895,-186033.72970545664,6678.202541562729
06672,1,39026,1,54710.23135957805,62100.82676285412,-106990.24103558902,209020.10835146904
06687,1,46054,2,-27507.22683212689,-32622.782597452402,1816.1987641546875,-51715.09666308295
06706,1,62535,1,82441.37034538265,83530.31631133053,-45344.607866395265,209138.40259121265
06711,1,60043,3,-27425.817211667,-5308.784689259483,-19398.23914353922,-57570.42780220229
06713,1,65173,2,-28960.408012896467,34788.75532484427,-81701.85305729043,-39968.12630624324
06730,1,44691,1,55947.83261709815,73579.52120552491,-32766.691654996015,127030.66830076557
06736,1,65156,1,2400.814639057964,1175.5738012492657,6721.062222971581,-694.1921070469543
06742,1,54667,3,-133270.4470674321,-114336.11797440704,-85018.26824386511,-200456.95498402417
06746,1,29342,3,-45656.939791928744,-47004.96298260428,-22019.36444249004,-67946.49195069191
06750,1,47579,1,23147.911768855218,57425.64009189792,71793.45745690912,-59775.36224224139
06776,1,31443,2,-10637.306611251048,-13538.734971288475,5475.962730889209,-23849.147593353875
06781,1,42643,1,46152.093810822815,66816.8624188872,-61506.3575189244,133145.77653250564
06782,1,64594,2,4164.310966713975,38918.48735012859,-11684.282767035998,-14741.271682950668
06784,1,65505,2,5173.631512970042,-14.631796639412642,-2950.9670576099306,18486.49339315947
06790,1,65066,2,-16741.39047534112,-18120.356673074886,11799.855351663195,-43903.670104611665
06794,1,39110,1,-16631.10769951095,5675.635673077777,6575.603037147783,-62144.561808758415
