terrain_id,samples,valid_pixels,control_sse,candidate_sse,delta_sse,control_rmse,candidate_rmse
00016,1,33282,1612571.3393048602,1610683.850991272,-1887.4883135883138,6.960729551074797,6.956654648416871
00021,1,53654,2733077.382950172,2838804.618726043,105727.2357758712,7.137151435273246,7.273889497526388
00039,1,64173,1270795.8490663164,1250805.0339437204,-19990.81512259599,4.45001753782232,4.41487731008039
00042,1,64976,2828117.133113931,2770828.96374391,-57288.16937002074,6.597390797396214,6.530228429205229
00047,1,65077,1357989.6372019676,1391147.1528171003,33157.51561513264,4.5680880451169,4.623520351093548
00057,1,65514,281853.0072140648,294043.07366085716,12190.066446792334,2.07416966444391,2.1185485388112357
00059,1,64915,768883.6447412773,813762.681701176,44879.03695989866,3.4415792987593927,3.540595834916459
00068,1,37734,1751534.5704883025,1684769.485493313,-66765.08499498945,6.813071304267208,6.681959229593589
00074,1,62724,4204657.917906543,4281580.424106475,76922.50619993173,8.187446234442541,8.261999797241305
00087,1,65427,447522.9854127853,441424.1298650526,-6098.855547732732,2.6153461026053275,2.597463964750355
00106,1,65080,530803.8138090486,531386.4635660278,582.6497569791973,2.8559016355526308,2.8574686307127672
00109,1,65250,415785.3975632854,407645.9408467731,-8139.45671651233,2.524319710529926,2.499489421721805
00116,1,51982,2311987.790224013,2328117.5416746605,16129.7514506476,6.66908535248493,6.692308598414469
00123,1,44949,11159366.837472767,9802055.924175981,-1357310.9132967852,15.756500224590534,14.767214079673934
00124,51,2795298,150056135.52067077,151195047.63320237,1138912.1125316024,7.326774444157572,7.354526652828871
00129,1,61614,1014485.8285952392,1017621.2574122506,3135.428817011416,4.057731349125866,4.063997041660436
00141,1,61334,6117442.287435157,6050743.582867449,-66698.70456770808,9.98698266404062,9.932389222806396
00144,1,57032,3822557.064518071,3761451.875593763,-61105.188924307935,8.18686610955964,8.121167239758268
00148,1,62924,1288655.3134171588,1270195.9156280055,-18459.39778915327,4.52543387264686,4.492904575742817
00155,1,65251,1377442.8457712145,1363018.9772573025,-14423.868513911963,4.594552389589525,4.570433195256449
00161,1,39651,1549986.1166945025,1572755.9458722156,22769.82917771302,6.252257147983915,6.298013620067344
00185,1,43263,739804.4324198995,742178.9562083088,2374.5237884093076,4.135234559476512,4.141865600010711
00188,1,55700,620478.4432253123,632600.4587038925,12122.015478580259,3.3376112552151995,3.3700562800064624
00197,1,63398,2291867.24934157,2284227.8097065696,-7639.439635000192,6.012525766484995,6.002496680390356
00217,1,39039,2875742.7741260286,2866196.836498121,-9545.937627907842,8.582734463880508,8.568477564252927
00221,1,64379,658955.6031933193,645996.1140612521,-12959.489132067189,3.1993073544629005,3.1676912102888375
00239,51,2806081,144366896.04534987,144258219.6201564,-108676.4251934588,7.172717196229881,7.170016951093063
00247,51,2885106,164135424.14496693,165454101.37917694,1318677.2342100143,7.5425860562711575,7.572824315937493
00249,1,54016,1438990.6672394513,1500394.7054266944,61404.038187243044,5.16140310009118,5.270375409559746
00266,1,54537,3097913.4064113675,3128142.4450847134,30229.03867334593,7.53683512619974,7.573517589339263
00276,1,64538,3426032.713008454,3309496.227503781,-116536.48550467286,7.28598044626669,7.160992087099941
00293,51,3295436,82685889.63160996,81648440.50646219,-1037449.1251477748,5.009094913133321,4.977571489071246
00319,1,50761,4080424.880198537,4049649.6372993565,-30775.24289918039,8.965770314686912,8.93189565649451
00320,1,61999,2342476.4527796353,2381423.5541426926,38947.10136305727,6.146746103883064,6.197634778843308
00322,1,64134,989492.4125641743,978795.1737564802,-10697.238807694055,3.927914903864879,3.9066251884375993
00327,1,64022,680887.6314315074,682951.0876317159,2063.456200208515,3.261167488264853,3.266105296899615
00331,1,39488,1346387.5882747392,1301925.727325576,-44461.860949163325,5.839188303473721,5.741964929107657
00335,1,39219,619767.6834486387,644513.345571502,24745.662122863345,3.975266103842596,4.053850227164624
00350,1,65470,559093.6722447603,552615.8741539401,-6477.798090820201,2.9222752377585945,2.9052968122099716
00360,1,44754,6860156.928025762,6893422.369892266,33265.44186650403,12.380868088487167,12.41084968945026
00385,1,65039,264852.23804796103,268522.4493553693,3670.211307408288,2.0179708848809343,2.0319048754834492
00386,1,64527,609305.2646260918,580128.1508431672,-29177.1137829246,3.0728879766072414,2.998411486709394
00394,1,64953,2053710.2962844556,2089539.5013647561,35829.20508030057,5.623024591726874,5.671862389081341
00395,1,62589,1055379.6074386362,1046704.5577328766,-8675.049705759622,4.106344133475326,4.089432566813013
00397,1,55800,1007469.2636981457,1049769.869230684,42300.605532538146,4.249118111534818,4.3374047648034715
00415,1,27924,585668.426465344,585413.4631625669,-254.96330277714878,4.5797006470894095,4.57870368135025
00419,1,65056,729500.8482980243,725823.2946774148,-3677.553620609455,3.3486458715870846,3.340194624155189
00445,1,62453,2100154.661601314,2158574.1041845507,58419.44258323684,5.798944961210074,5.879045600791791
00449,1,65157,702178.8536923621,690633.9815150369,-11544.87217732519,3.282791749037248,3.2556928940607035
00453,51,2861638,146561941.99256527,145732195.89164388,-829746.1009213924,7.156542559438689,7.13625577287252
00454,1,24592,2952326.093318675,3088519.0284020756,136192.93508340046,10.956837920834342,11.206712113970783
00464,1,64623,9388124.109248789,9238759.774466274,-149364.33478251472,12.05301933956747,11.956753602459877
00476,1,63327,1103962.5511787438,1120610.0132727323,16647.462093988433,4.175252198763928,4.206615251722009
00488,1,52562,1527092.1768808786,1490526.8950714015,-36565.281809477136,5.390098295743579,5.325176017828462
00500,1,63079,2459028.439970021,2607800.6956943963,148772.25572437514,6.243661876024756,6.4297605325504374
00512,1,65451,1280838.419663051,1239940.7656597986,-40897.654003252275,4.423734254604332,4.352535541420675
00524,1,65198,1724715.056815869,1734004.4087321085,9289.351916239597,5.143296256043675,5.157128607141664
00527,1,48900,3038850.524197762,2890280.9289237633,-148569.59527399857,7.8831581551388235,7.68803937728883
00536,51,3262830,119164523.9934978,116870552.53125918,-2293971.4622386247,6.043329416269589,5.984878322289519
00562,1,63021,1926463.2633442066,1920822.9008469179,-5640.362497288734,5.528887087564327,5.520787325810505
00569,1,64565,807171.0258392479,805558.0406717575,-1612.9851674903184,3.5357716098814738,3.532237043471856
00577,1,65505,173261.97097861083,163348.7443646562,-9913.226613954641,1.6263514445292004,1.5791401464844261
00598,1,65050,1207849.8151422115,1160062.0255866635,-47787.78955554799,4.309062746663625,4.222959873544739
00618,1,65008,651212.0227110349,637233.0185196418,-13979.004191393033,3.1650297930358797,3.130875030039248
00621,1,57186,3201335.336207836,3250304.867168186,48969.5309603503,7.482052034778662,7.539059816790009
00623,1,65043,391681.1412434322,392556.27262113476,875.1313777025789,2.4539519160331045,2.456691813208399
00631,1,64906,1423310.3519244855,1412213.0243455684,-11097.327578917146,4.682819102652414,4.664527776192778
00646,1,53355,1496362.2949061797,1446201.370045474,-50160.92486070562,5.2957907422696655,5.206271619381919
00689,1,61058,3375478.9087474234,3409388.78085797,33909.87211054657,7.435264319695776,7.472518115629026
00692,1,61847,4296272.296560472,4553387.107706742,257114.81114627048,8.334634902914017,8.580408563857437
00701,1,44384,1441511.5522396604,1415779.4987679452,-25732.05347171519,5.698963085556274,5.647868675373017
00711,1,56626,1283135.3497327906,1246257.4319121973,-36877.91782059334,4.760233896911737,4.691329512793663
00718,1,38770,5719923.348081675,5885574.761846022,165651.4137643464,12.146389510036501,12.321016519526282
00726,1,55166,3811510.097007513,3995222.318931857,183712.22192434408,8.312138859093618,8.510101266590759
00736,1,65043,5265807.12962634,5234340.313896729,-31466.815729611553,8.997714153005097,8.970790108127149
00756,1,64049,3150634.95887374,3085806.6077451194,-64828.35112862056,7.01363025585584,6.941097990997633
00762,1,65454,370876.7218663675,364517.5679547462,-6359.15391162131,2.3803821874059867,2.359886609178929
00769,1,36593,1115639.4251846394,1106389.6357288,-9249.789455839433,5.521574277724686,5.498636892144548
00770,1,64884,761806.1126971098,747564.6836270059,-14241.429070103914,3.4265211651364975,3.394341862574992
00776,51,3217063,130798842.97474638,131224109.63296434,425266.65821796656,6.376350302986246,6.386707614262744
00808,1,59312,1868777.7122628628,1864607.7739671892,-4169.938295673579,5.613161510799915,5.606895487625765
00823,1,38638,7766927.7970769,7830482.9254862275,63555.12840932794,14.178076485027258,14.23596640253866
00835,1,65219,447056.27419467765,443963.5834599932,-3092.6907346844673,2.6181470143096,2.6090752576922642
00843,1,65486,69814.17472781899,70499.29727374023,685.1225459212437,1.0325178595327467,1.0375718060116053
00852,1,26205,1270240.9182133882,1251787.2870786686,-18453.631134719588,6.96227169668998,6.911513908120523
00858,1,64399,1010598.7723520971,1034061.777357318,23463.005005220883,3.9614102536302256,4.007132295151613
00863,1,64953,10760501.930963857,10677245.005653843,-83256.92531001382,12.871129429663792,12.821239026680132
00865,1,37371,6210452.061081888,6134145.521174723,-76306.53990716487,12.891226744689787,12.811786054369575
00882,1,65027,1359801.0370317218,1343069.7925094063,-16731.24452231545,4.57289073887465,4.544670815908591
00887,1,51624,1009892.562581336,999963.6300717507,-9928.932509585284,4.422947260660273,4.4011510715411655
00895,1,65157,711966.466476379,700405.062377545,-11561.404098833911,3.305591852718634,3.278642756574463
00904,1,61782,1862308.478632038,1909307.6485089692,46999.169876931235,5.490284234968108,5.559131849339554
00905,1,65450,348228.47452833713,348565.9955186446,337.52099030744284,2.306626699481616,2.3077442795003873
00926,1,65460,781274.7075549886,779612.6523140073,-1662.0552409812808,3.4547281759726456,3.4510514883292323
00929,51,2949122,96839958.2046376,96433706.87900071,-406251.3256368935,5.730347076872401,5.718314813694962
00939,1,54748,1880600.1774289627,1903188.9284047643,22588.75097580161,5.86089724248566,5.895991136818141
00969,1,64788,1063524.721097859,1053541.8534003305,-9982.867697528563,4.051599490962921,4.03253931172609
00970,1,64663,902757.9817065478,887693.9399755609,-15064.041730986908,3.7364376852881054,3.7051321525561414
00987,1,65055,1370111.7318103951,1311577.2249170295,-58534.506893365644,4.589207048377558,4.490105989956777
00989,1,65498,470905.9299573812,469601.9161467261,-1304.0138106551021,2.6813472436956496,2.6776321303650006
01012,1,65044,1675710.2086264829,1719879.0844916294,44168.87586514652,5.075698737875582,5.142157054430701
01064,1,46953,2782709.191227845,2661737.548670981,-120971.64255686384,7.6984312935262205,7.529236561877635
01076,1,24521,560257.6683019015,559507.8952050942,-749.773096807301,4.779966094614286,4.776766593709931
01077,1,63432,1088035.466534853,1071140.9609901085,-16894.505544744432,4.141592101192418,4.109311951202055
01087,1,61214,2963813.2230437286,3058351.6722282236,94538.44918449502,6.958250124683377,7.068354646375401
01089,1,65338,5258801.934469467,5230162.9274771875,-28639.006992279552,8.97140553846159,8.946943416403709
01096,1,60617,1754406.5124495635,1740956.2874019882,-13450.22504757531,5.379821868535745,5.359159885168011
01099,1,59279,2506768.9128944585,2477787.913824844,-28980.999069614336,6.502894612061112,6.465195034819426
01107,1,50439,1584136.7198730812,1581887.8719841067,-2248.847888974473,5.604193171489898,5.600213889331298
01108,1,64548,761184.5839587013,767463.6204353023,6279.036476600915,3.434026141252233,3.4481607487685095
01137,1,63867,1150020.5438998765,1143565.7616483378,-6454.782251538709,4.243405558864059,4.231480206326847
01140,1,53838,2400435.161378062,2647776.1888287165,247341.02745065466,6.677294495063404,7.012876277732077
01143,1,65003,2465371.559287909,2466314.4906896953,942.9314017863944,6.158493544765493,6.159671152615424
01152,1,59649,1576083.324676809,1646147.8157201987,70064.49104338977,5.140294523061443,5.253307604478872
01156,1,65335,1116592.9511468504,1096366.5219574738,-20226.429189376533,4.13403827505055,4.096424313369094
01161,1,31592,3644282.811956322,3633630.980983671,-10651.83097265102,10.740326305106947,10.724618432485155
01197,1,53826,3182742.3909313455,3199727.4716336178,16985.080702272244,7.68961667219445,7.710107644266825
01199,1,65089,3643370.277679626,3635658.0532223294,-7712.224457296543,7.481658068201626,7.473735349810333
01221,1,64696,1877782.0564263673,1880216.850051788,2434.793625420658,5.387457750015106,5.390949395491487
01222,1,59650,1889263.8227368956,1928085.7059845934,38821.883247697726,5.627831425202145,5.6853596573955825
01238,1,50953,1626947.946678949,1620236.3511036285,-6711.595575320534,5.650696077004226,5.639028715231776
01259,1,48796,13719599.362967832,13611090.273935372,-108509.08903246,16.76789722370869,16.701456467193847
01264,1,63592,868374.9338223118,828348.9277666336,-40026.00605567824,3.6953229344482157,3.6091540144215193
01270,1,63973,2664390.403424189,2707042.9580341266,42652.55460993759,6.453578122747612,6.505028672329294
01283,1,51149,2893665.673137565,2782416.490832923,-111249.18230464216,7.521519789851019,7.375517463286019
01295,1,62127,1303868.299440537,1370879.6168324626,67011.31739192549,4.581172782906086,4.697420817742254
01306,1,61996,2451986.0737806316,2432302.2324141515,-19683.841366480105,6.28893585110466,6.263642098887839
01307,1,19928,2131426.7845779858,2081092.1885867151,-50334.59599127062,10.341971872173929,10.219127137056851
01320,1,65427,1274821.9859054852,1264989.3408076263,-9832.645097858971,4.414141682790578,4.397085692179624
01334,1,24111,1334731.6603147867,1333268.228869069,-1463.4314457178116,7.440281540626689,7.436201571411993
01344,1,61796,2573586.0539976526,2557188.059911019,-16397.994086633436,6.45340862232884,6.4328163320124085
01360,1,63800,1651323.6274294357,1692633.7028206352,41310.07539119944,5.087515648816267,5.15075808222829
01365,1,42438,3671955.4926389065,3643992.615109089,-27962.877529817633,9.301891083706469,9.266405259771023
01367,1,51597,8814850.814330526,9005172.139088158,190321.32475763187,13.070591980400657,13.210941939882016
01373,1,36675,639171.433475653,646230.8119557102,7059.378480057232,4.174684093377574,4.197674598746968
01395,1,38763,493265.17301511683,484441.58858153236,-8823.584433584474,3.5672334848696963,3.5351839692877425
01404,1,65271,286970.57476413704,282458.3245495631,-4512.250214573927,2.0968074478372376,2.0802573067707826
01411,1,60391,6644402.798861732,6976521.892658636,332119.0937969042,10.489187910431687,10.748141372935406
01412,1,63208,13759158.757307036,13507217.079317022,-251941.67799001373,14.75400466558537,14.618301517710751
01423,1,65277,1291252.9910058999,1239902.7633450185,-51350.227660881355,4.447598517580569,4.358265872486065
01432,1,65085,2257154.3328195782,2291668.654070311,34514.32125073299,5.888981267898441,5.933834887089456
01446,1,46917,741746.9546158619,713659.5471121313,-28087.407503730617,3.9761500824733025,3.900142029775714
01450,1,65046,1133117.1285853058,1117381.1488556114,-15735.979729694314,4.173756465943992,4.144673961441387
01458,1,61870,1926196.511294998,1962971.8498694533,36775.33857445535,5.57969214764596,5.632704625739898
01470,1,48401,2635033.5655440735,2515905.0348867076,-119128.53065736592,7.378463080780081,7.209745835279675
01476,1,64430,3180207.9433614016,3241921.508806469,61713.56544506736,7.0256044255297345,7.093444616225539
01486,1,44303,3843568.7553338716,3714941.6246627076,-128627.13067116402,9.314311527728679,9.157131039959022
01496,1,27452,1228701.7676464259,1151496.673116718,-77205.09452970792,6.690156026592322,6.476559334921924
01514,1,63853,1059748.9062385128,1069753.3093926737,10004.403154160827,4.073904417000402,4.093088793253903
01533,1,46510,2274255.705472948,2355004.35280984,80748.64733689185,6.9927254418421905,7.115782865448758
01534,1,65042,2551949.0366296,2491401.047194827,-60547.9894347731,6.2638169117226195,6.18906263357567
01541,1,65509,131281.15868502378,126602.09370186728,-4679.064983156495,1.4156331226255439,1.3901765519390619
01544,1,60552,842818.0099810362,836486.6589828795,-6331.350998156704,3.73080592297909,3.7167663735359007
01545,1,47263,1793315.8464520639,1869244.6300784731,75928.78362640925,6.159816157319636,6.288867264547514
01555,1,55258,3979762.35770593,4112725.724421753,132963.3667158233,8.486546378178128,8.627148879493685
01565,1,65048,1210848.2357725292,1267847.8651148765,56999.62934234738,4.314474262901561,4.414856560278785
01572,51,2818998,146701636.17722246,146028893.99718013,-672742.1800423265,7.21389962035099,7.197339916962825
01586,1,64502,1540218.6721184468,1457505.3146060081,-82713.35751243867,4.886575368840725,4.753554560739131
01597,1,57703,1195456.5113600069,1202422.2442169483,6965.732856941409,4.551637789948689,4.5648793595807025
01623,1,62856,1410250.6905618133,1523001.0896107582,112750.39904894494,4.736688122721034,4.922398128430617
01631,1,58908,5164533.823302873,5054027.920057336,-110505.90324553754,9.363288908436088,9.262573758382644
01634,1,64081,1687334.9057657039,1699479.9267022042,12145.020936500281,5.131401599303583,5.149835769858992
01650,1,53167,1324232.9369173173,1284845.570525545,-39387.366391772404,4.9906959853527955,4.915915261157645
01661,1,65039,567076.9879922345,556362.2063488802,-10714.781643354334,2.9528003548775907,2.924771100038594
01666,1,58255,4703375.3304760605,5058122.167507718,354746.8370316578,8.98541655077574,9.31811474162715
01669,1,65079,901026.4164072175,909432.6893797258,8406.272972508334,3.720902810437613,3.7382198985139437
01674,1,31774,1695889.4236387424,1756334.3519192832,60444.92828054074,7.305716583313739,7.434771958549689
01686,1,65042,3128272.1576526966,3222834.7085677013,94562.55091500469,6.9351414137018015,7.039180028993234
01713,1,64658,632981.9513772088,613740.6628947384,-19241.288482470438,3.1288484642233616,3.0809263430479388
01715,1,64325,3110049.4535487294,3085590.6486171857,-24458.804931543767,6.95334455092081,6.9259484919041725
01735,1,64027,1167490.3913959775,1157352.2280314506,-10138.163364526816,4.270169171282347,4.2515882619712295
01764,1,50979,5901703.6747935545,5945034.390885015,43330.71609146055,10.75952363286799,10.79894998038278
01765,1,57394,9084064.567138748,9147234.756142078,63170.189003329724,12.580759478767488,12.624426721756652
01768,1,53146,2155244.502696864,2147606.0660411785,-7638.436655685306,6.368145555331433,6.356850815513383
01771,1,60801,1394144.0803979323,1410818.118274096,16674.03787616361,4.78848871674118,4.81703889582125
01783,1,56778,4502203.712150602,4323260.39440006,-178943.3177505415,8.904766288944604,8.726008906407998
01788,1,51943,1446808.1435963346,1376142.4256099446,-70665.71798639,5.27766667599693,5.147166032700255
01790,1,63679,9626415.92479662,9407208.874045687,-219207.0507509336,12.295160255148575,12.154365053984023
01812,1,44842,1766324.9441318042,1813354.2739163735,47029.32978456933,6.2761427628273365,6.359146686073925
01814,1,61557,2547480.7707940293,2546583.4631818915,-897.307612137869,6.433047144752908,6.431914078188124
01841,1,65080,869958.3669957547,849069.3548392383,-20889.012156516314,3.6561622695693043,3.6120005771055794
01850,1,63210,886036.3275790187,887855.6163531011,1819.2887740824372,3.743974387068778,3.747816147004356
01860,1,65075,635858.0532289371,634799.5296347542,-1058.523594182916,3.125885022839344,3.1232820824163072
01917,51,3290386,75033956.0079427,74241187.6271703,-792768.3807724118,4.775353188442991,4.750059295254066
01918,1,59683,2413448.102264414,2395813.6317505394,-17634.470513874665,6.359070790272072,6.335796115176962
01922,1,64069,543596.8908672935,521704.82225544064,-21892.068611852825,2.912825777489862,2.8535694889151113
01925,1,62773,2306240.798712514,2297421.6981843994,-8819.100528114475,6.061301443467114,6.049701087567807
01949,1,42924,1171993.951696841,1164701.7062619468,-7292.2454348942265,5.225316392965948,5.209034847014726
01969,1,65502,179158.4362794732,182856.6054687419,3698.169189268723,1.6538318492662298,1.6708137717955607
01977,51,2446545,108973670.6081479,108818749.16840124,-154921.43974666297,6.673969009809407,6.669223328505449
01994,1,61832,3949973.80935953,3849278.7046011453,-100695.10475838464,7.99264384081027,7.890109516939902
01999,1,30687,575789.0047290816,571022.8291295727,-4766.175599508919,4.331661060106717,4.31369583434162
02008,1,64353,5856276.791435417,6049703.92926453,193427.13782911282,9.539517273420246,9.695777968310425
02009,1,60884,1467807.5294555067,1491519.063320967,23711.533865460195,4.910016673954484,4.949516947137577
02016,1,65505,268516.3458512353,271627.0404734595,3110.694622224197,2.0246415194327754,2.0363352322569144
02019,1,62987,6424401.113536734,6506366.438794052,81965.3252573181,10.09929044907832,10.163511844192145
02037,1,56884,1807711.9246028047,1758401.2286885027,-49310.69591430202,5.6372792351766146,5.559860888781624
02041,1,62229,2327690.3394082077,2402515.4613139736,74825.12190576596,6.115981893976004,6.213505464074447
02047,1,63693,2494633.305668508,2482558.502052915,-12074.803615593351,6.258316252219091,6.243151778021964
02050,1,65405,194769.48891700472,186721.06699461717,-8048.421922387555,1.7256590259159899,1.6896283396720795
02056,1,65511,804342.3208550662,823029.9960232005,18687.675168134272,3.503993933093565,3.54446520574153
02089,1,65423,3244567.13989038,2770961.0022664927,-473606.1376238875,7.04227783785226,6.508036490237574
02111,51,3340551,12952407.743548756,13095368.096024422,142960.3524756655,1.9690928742591993,1.979929844270535
02114,1,65052,2457109.4046660326,2411068.0807127114,-46041.3239533212,6.145849491805625,6.087996725080279
02115,1,45869,883744.0336368411,931738.5670442247,47994.5334073836,4.38938435487996,4.506998361312556
02117,1,55994,2921344.942868348,2974735.023772997,53390.08090464864,7.223050871109584,7.288755747645883
02121,1,65515,417404.45800002565,396470.36653248774,-20934.091467537917,2.524109369276071,2.4599993563581
02136,1,60207,2206243.6739044297,2198863.0170700704,-7380.656834359281,6.05345397653261,6.0433200335099935
02141,1,63230,5081694.299003949,4956134.002754504,-125560.29624944553,8.964842765172701,8.853396798337034
02145,1,11743,349095.0471959465,345861.8954044093,-3233.1517915371805,5.45233225666217,5.42702507443187
02155,1,65500,96126.18997233278,100405.63980984139,4279.449837508611,1.2114352724867012,1.238107641301014
02157,1,64732,542255.048075102,547260.1691851018,5005.121109999716,2.8942916330716333,2.907618393038795
02160,1,57050,4159311.8235572707,4217952.267676559,58640.444119288586,8.538526211283537,8.598506145530962
02170,1,63852,465157.0645336557,473714.1057743553,8557.04124069959,2.699060118561964,2.723772971380587
02171,1,44729,3422296.898797405,3435754.837626866,13457.938829461113,8.747103139785468,8.764284944881103
02182,1,64369,461362.847078282,436923.38666612335,-24439.46041215863,2.677213018048523,2.6053391435861113
02187,1,65236,981102.5198037453,963792.1893634634,-17310.33044028189,3.878051155182623,3.8436872152241897
02193,1,65373,404800.2440056652,408801.2907105293,4001.0467048641294,2.488405629082594,2.500673094680893
02202,1,65066,563077.0978204644,575191.236779347,12114.13895888254,2.9417575540561374,2.973233900785337
02211,1,62538,1217189.4854355468,1198067.7826676802,-19121.702767866664,4.411711475436501,4.376920926988265
02225,1,63017,404878.2494312223,395970.61415135453,-8907.635279867798,2.5347396661766988,2.5067014744371576
02232,1,61973,2671862.9585475465,2648042.4057254493,-23820.552822097205,6.566074855749366,6.536739948901181
02255,1,65079,560689.270928268,551668.3786780896,-9020.892250178382,2.9352201988859057,2.9115121720797736
02262,1,60198,1573280.7775535001,1558309.0387638905,-14971.738789609633,5.112250038978621,5.087867158093925
02274,1,59841,1600682.4831744921,1570217.2589732963,-30465.224201195873,5.171936391744217,5.122482130860443
02277,1,63629,1732474.2515262659,1758970.6155009628,26496.363974696957,5.218021274420926,5.257771927337313
02280,1,59450,2667428.6155646695,2726534.6930986596,59106.077533990145,6.698390672700089,6.772197024097767
02285,1,64413,1045955.071086289,1004290.5644205955,-41664.50666569348,4.029672500487439,3.948598060579182
02287,1,64688,1004459.5448764921,993238.391264427,-11221.153612065129,3.940527502877646,3.918455209997246
02288,1,64919,7768478.009457475,7862946.605345191,94468.59588771686,10.939111767432395,11.005423328872315
02296,1,65388,531532.8668711366,535529.5189756112,3996.652104474604,2.851123534469874,2.8618224110381965
02297,1,61891,1633896.6383434972,1683739.673143047,49843.03479954973,5.138052525775724,5.215833538942244
02308,1,65058,2338654.8145757024,2364834.5306091174,26179.716033414938,5.995600791480824,6.029065818439382
02310,1,59050,4323714.326060887,4398182.425222886,74468.09916199837,8.556941145190285,8.63031541738801
02319,1,63119,4041756.0644616205,3904526.5293573383,-137229.5351042822,8.002118796540632,7.86509792397112
02334,1,61567,3359925.4643778857,3336124.2954215063,-23801.168956379406,7.3873865706778075,7.361174541475687
02341,1,62180,3255087.466399779,3236110.137568359,-18977.32883142028,7.235290494272041,7.214168604336255
02348,1,61119,734176.6262608565,734243.1879069399,66.56164608336985,3.4658691069792877,3.4660262140813685
02383,51,2606213,274205350.5707069,274793328.16630614,587977.5955992341,10.257298851550395,10.26829030789669
02386,1,65055,688411.2330068144,674622.6240673269,-13788.608939487487,3.252996780872191,3.220253865159231
02388,1,48737,1513125.2721195049,1545674.4460763843,32549.173956879415,5.571960718879321,5.631571690940952
02408,1,65491,632493.6753557571,625275.297046917,-7218.378308840096,3.1076870828623244,3.0899028482057345
02421,1,65175,722690.8878245933,707552.2836209455,-15138.604203647817,3.3299351020758228,3.2948735241314164
02423,1,59213,2090514.5783564507,2113231.7471304424,22717.168773991754,5.94180052427653,5.973997420611345
02437,1,64795,3717526.470082892,3715659.0313812597,-1867.4387016324326,7.574540423654001,7.572637711343741
02473,1,58380,2608458.2901742356,2517653.2447606493,-90805.04541358631,6.684361097736296,6.566983302432481
02490,1,56337,12674842.727927912,13102979.888437815,428137.160509903,14.999418800490899,15.250643843581923
02510,1,62113,3568559.9350745426,3459869.4620093033,-108690.47306523938,7.579756336286284,7.4634324056603205
02517,1,53335,2526121.346570251,2599290.045822618,73168.69925236702,6.8820996175018365,6.981057612228666
02519,1,53385,6175226.962093402,6186132.276180876,10905.314087474719,10.75515908239292,10.764651579759624
02521,1,36164,3195152.6250931444,3258608.4884086354,63455.863315491006,9.399561068909733,9.492440026895824
02547,1,60977,2056432.8616080957,1994648.6562798815,-61784.205328214215,5.807299717297931,5.719396134293309
02552,1,65171,470689.4937408909,461582.72797275125,-9106.765768139623,2.6874479383089858,2.6613229692763096
02564,1,51741,3787922.1560300435,3910970.2637114977,123048.10768145416,8.556243068831662,8.694104338935977
02585,1,53859,6474457.028388362,6588989.241860378,114532.21347201522,10.964088529143275,11.060639980115099
02593,1,60326,5261211.558119925,4690082.89006734,-571128.6680525849,9.338790178132284,8.817348254632238
02595,1,47652,3950469.5505046044,4004314.9288231386,53845.37831853423,9.105080561758237,9.166922222908932
02607,1,61624,1963440.6726280535,1969913.6758363983,6473.003208344802,5.644610108223172,5.653906929723835
02609,1,20891,750798.234477102,770325.3954679437,19527.160990841687,5.994900879523846,6.072359754476928
02629,1,61919,1714689.0185710955,1767273.8173203738,52584.7987492783,5.26236195480869,5.34244370720159
02630,1,64787,1050692.3243521936,1054369.966094599,3677.6417424054816,4.0271132664262455,4.034154977102747
02632,1,54528,905699.4778954164,933362.1098438409,27662.631948424503,4.075512920586035,4.137283668983898
02634,1,64124,924826.5244031716,928486.529095103,3660.004691931419,3.7976928399250998,3.80520011209242
02642,1,65027,2878783.3030898813,2937692.215217717,58908.912127835676,6.653614399252814,6.721346533749588
02649,1,64709,605214.5279873678,586141.2228554835,-19073.30513188429,3.0582453783993593,3.009669373071832
02682,1,65144,307152.88892626425,303447.21931429615,-3705.6696119681,2.1714012891142596,2.1582630231753086
02687,1,64321,878506.6530018363,866688.0808655478,-11818.572136288509,3.6956950947288365,3.6707517802992617
02688,1,57371,4942134.231969841,5013223.146110581,71088.91414074041,9.281348040523842,9.347862338775304
02704,51,3061312,138742161.704622,137284518.87475252,-1457642.829869479,6.732098031798306,6.696640515725158
02730,1,65232,829909.2295073698,840258.2721568121,10349.04264944233,3.566850856040912,3.589021428232654
02739,51,3145657,87831561.34366073,87287545.83618148,-544015.5074792504,5.284082853712221,5.267693027231737
02742,1,64920,1782566.3971732815,1706069.1684233656,-76497.22874991596,5.240027933855504,5.126359532076922
02754,1,57465,3431021.187918805,3465275.3664813717,34254.17856256664,7.726983671132125,7.765459698851596
02759,1,51665,1527113.4738150993,1575723.3562619537,48609.882446854375,5.436725895294443,5.52257686642403
02782,1,65109,1368179.6982057202,1406693.0046939296,38513.306488209404,4.584068074192243,4.648139475317791
02799,1,65296,181983.80491914472,186568.32044519353,4584.51552604881,1.6694487134891218,1.6903462023239504
02809,1,51631,748218.4604382094,759731.2012304084,11512.740792199038,3.806790188028572,3.8359656809917775
02815,1,65097,2368884.344725347,2322192.8886252423,-46691.45610010484,6.032418201170721,5.972671900595916
02828,1,63686,1752190.803399528,1611268.891991299,-140921.9114082288,5.245280430678876,5.029930970793387
02841,1,64346,1071041.1720921234,1101184.084717168,30142.912625044584,4.079832240972267,4.136844396880353
02844,1,40849,1796059.9406835674,2011276.5614142441,215216.6207306767,6.6308575572889055,7.0168982924722965
02849,1,65050,3445860.3061683346,3492994.579387516,47134.273219181225,7.278220071712083,7.327828648643599
02854,1,61182,923127.7874673018,915945.7331997557,-7182.054267546162,3.8843564576617466,3.869216553294865
02856,1,57865,2678098.1223439015,2676984.6834073532,-1113.4389365483075,6.8030750773436095,6.8016607161407014
02860,1,65046,4014945.6179912025,4073119.2877473654,58173.66975616291,7.856507622286838,7.9132204968358675
02868,1,64926,1251808.6840187593,1238948.6017494325,-12860.082269326784,4.390961773690645,4.368348930669976
02873,1,63355,4441861.741764334,4718495.250226185,276633.5084618507,8.373211680709014,8.630010288655118
02878,1,64448,1404119.263977965,1399762.1064612211,-4357.157516743988,4.667639179615125,4.660391418778365
02897,1,61289,1863532.8532343926,1880917.22077817,17384.36754377745,5.514133280301548,5.539793464984445
02915,1,65478,515779.0326280664,524087.79964809725,8308.767020030878,2.8066233810323986,2.8291392381319542
02934,1,65058,2152106.6360019897,2255767.2444869275,103660.60848493781,5.751505497497958,5.888393016373093
02936,1,65508,346782.2812152469,358360.46858075645,11578.18736550957,2.3008127714266324,2.3389065909843447
02944,1,63522,1665932.3357735043,1593202.8120843754,-72729.52368912892,5.12113939441625,5.008105284729537
02948,1,65292,983722.6827410916,1003945.097018797,20222.414277705364,3.8815604739113394,3.9212541882401895
02958,1,60268,2859683.93255353,2725722.6614263025,-133961.2711272277,6.888356695443007,6.725079808999883
02959,1,63739,1750732.6120071043,1686737.7790972623,-63994.83290984202,5.240917074871006,5.144239305072428
02966,1,57749,1270350.882018725,1282289.088414499,11938.206395774148,4.690181103616233,4.7121677127472
02977,51,2327738,151373712.11387184,151729256.95513806,355544.84126621485,8.06414229327852,8.073607221287798
02983,1,64985,507086.7193217822,488149.891848409,-18936.827473373152,2.793409183568144,2.7407538767101163
02991,1,64499,3594949.8474446214,3579604.306197412,-15345.541247209534,7.465689565045723,7.449738359485604
02998,1,64615,2773816.9661907926,2628173.19332566,-145643.77286513243,6.551974911498106,6.37764463211601
03003,1,64526,373887.96930279944,377553.05692827224,3665.0876254728064,2.4071512176252576,2.4189206585342813
03012,1,63881,3082927.0703289337,2981313.9110201527,-101613.15930878092,6.9469755854541395,6.831530321326903
03013,1,65255,726774.4197263415,728243.9801786304,1469.560452288948,3.337282103535299,3.3406544436912844
03014,1,62874,5218692.57226064,5077738.039858083,-140954.5324025564,9.110565011322526,8.986686685361049
03026,1,38616,3963603.7456998066,3929187.0571299302,-34416.688569876365,10.131213607840746,10.087132126796579
03030,51,3253112,140482148.7692403,139169098.166837,-1313050.6024032831,6.5714478065380675,6.5406648893252175
03058,1,44104,6101924.136652722,6236295.82201528,134371.68536255788,11.762358507097174,11.89116387478953
03059,1,53707,4036018.559158463,4197138.336928298,161119.77776983473,8.668842855240335,8.840181768011314
03061,1,41840,937450.1223679627,921560.1488465364,-15889.97352142632,4.733454938930984,4.693166966667654
03083,1,48538,2653067.9355952395,2616273.629925697,-36794.3056695424,7.3932134812296475,7.341767773404624
03085,1,51687,2998712.1041788547,2970891.4979120013,-27820.6062668534,7.616873158462761,7.5814579859699345
03093,1,63944,3158843.565397987,3148195.848116233,-10647.717281754129,7.028524442990046,7.016668694005183
03116,1,65068,3948043.315719493,3901970.9345093123,-46072.38121018093,7.789457738994217,7.743874143337636
03118,1,63021,1825993.603731757,1777866.468487625,-48127.13524413202,5.382784347678727,5.311374502709953
03120,1,56688,5047114.353223603,4915809.537732663,-131304.8154909406,9.435740855765939,9.312192744063788
03127,1,45248,4221199.774238576,4348962.429783013,127762.65554443654,9.658690707572703,9.803770452503171
03133,1,64599,920897.4898681033,949220.5309190524,28323.041050949134,3.775658853106906,3.8332810658852075
03172,1,65308,724558.6299297304,693178.8544826608,-31379.775447069667,3.330838491184117,3.257912837520229
03174,1,64704,611454.2072340035,597773.4672299371,-13680.740004066378,3.0740887672275443,3.039504232550296
03193,1,65047,7498535.980127946,7603102.986743566,104567.0066156201,10.736793590630576,10.81139664411583
03195,1,65444,546405.5486155342,543726.9830888541,-2678.5655266800895,2.8894995584741094,2.8824084678278603
03200,1,60009,5506336.605972265,5608695.177863705,102358.57189144008,9.57906639444868,9.667690175496713
03214,1,48716,4485579.187032871,4096261.724231387,-389317.4628014839,9.595629105777524,9.16976145212682
03239,1,59898,1490896.566529252,1522691.4458357976,31794.87930654548,4.989047014411799,5.041964612737313
03241,51,3296991,49735671.62859474,49756947.22171275,21275.59311801195,3.883963256499398,3.8847938955960473
03242,1,25253,868264.896068809,873014.6877714753,4749.79170266632,5.8636715026190895,5.879688061963351
03255,1,65265,628177.8631069309,629227.2050695096,1049.3419625787064,3.1024239382466745,3.105014084610981
03267,1,64347,2648514.180470539,2716749.3976883222,68235.21721778344,6.415595872367625,6.497714688302355
03275,1,64475,921975.111722407,924245.4302990084,2270.318576601334,3.7814984212306353,3.786151435904681
03305,51,2664182,233709672.1733267,228507847.8354815,-5201824.337845206,9.366048411280552,9.261228831572105
03308,1,57311,790393.2210864127,796891.3895581169,6498.168471704237,3.7136640218774417,3.728898601771727
03316,1,60916,3070202.2184134293,3079092.445441369,8890.227027939633,7.0993371519322785,7.109608315044577
03347,1,59926,1472386.0901798971,1483289.3414607227,10903.251280825585,4.956820680390734,4.97513984842397
03355,1,65150,1949325.6016366286,1950457.7458280977,1132.1441914690658,5.469970489392207,5.4715587044133835
03356,51,2349520,100785300.60058925,100869934.64775425,84634.0471650064,6.549513242916458,6.552262629424052
03390,1,54844,2935677.7615420166,2945374.278050434,9696.516508417204,7.316268417683122,7.328341240271494
03421,1,62542,14942795.718157183,14899126.507777527,-43669.210379656404,15.45717226549823,15.434569520892056
03425,1,62480,3418328.7642159876,3402904.106028301,-15424.658187686466,7.396672743410458,7.379965727737389
03427,1,64038,1805938.029016541,1743029.181897679,-62908.84711886197,5.310464889015305,5.217151510346317
03436,1,65363,1222602.6701548828,1174340.4091608583,-48262.260994024575,4.324906087300292,4.238683742513964
03445,1,57181,2025565.656999248,1991867.4755755914,-33698.18142365664,5.95178575235457,5.902069877705725
03461,1,65056,1693381.1443286485,1665284.5880007327,-28096.55632791575,5.101920433553912,5.0594178994301044
03477,1,61392,3829250.7454984677,3717983.3820781973,-111267.36342027038,7.8977068948485805,7.782118349773036
03483,1,63295,939270.8520115656,937034.5428950726,-2236.3091164929792,3.8522167965670913,3.847628193957453
03488,1,64837,193241.8253794749,187276.91376094788,-5964.911618527025,1.7263907868451418,1.6995371645628243
03502,1,63040,2728249.211322449,2633919.6566523975,-94329.55467005167,6.578606607817461,6.463878127086016
03503,1,65041,628510.3137948631,629530.3381511156,1020.0243562525138,3.1085839435971563,3.1111054184280595
03511,1,60986,4210310.629942287,4381915.245126286,171604.61518399883,8.30887058329581,8.476506744012278
03514,1,57150,1928062.3384571846,1898894.2344031853,-29168.104053999297,5.808345187209005,5.76424286355823
03516,1,44149,1342536.0977758784,1261736.1954296632,-80799.90234621521,5.514454406937273,5.34593711050066
03524,1,64093,4701002.050796144,5070555.172441635,369553.12164549157,8.564261515241977,8.89451877673877
03526,1,49847,1519201.103082804,1512840.368989555,-6360.734093249077,5.520623383844219,5.509054128669684
03575,1,63658,1603314.4952071211,1581520.9759452431,-21793.519261877984,5.018603261743539,4.98437814681691
03591,1,64012,2137450.7520949543,2106840.314983299,-30610.43711165525,5.77852984007611,5.737003459558285
03596,1,40417,962558.0535206485,962395.1838367337,-162.86968391481787,4.8801304232098275,4.879717534386373
03604,1,48167,2972192.5382617908,2976826.865212488,4634.326950697228,7.855316190223913,7.861437920820557
03609,1,64970,1140474.61057183,1112631.8431159449,-27842.767455885187,4.1897332878625555,4.138274636060204
03613,1,55153,1404965.5887962794,1353342.393168659,-51623.195627620444,5.04717395661659,4.953581045332466
03618,1,11799,363529.99592493125,371311.4046964424,7781.408771511167,5.550697056262559,5.609789222539378
03624,1,65202,637026.3406782949,640162.9707426026,3136.630064307712,3.12570679269041,3.133392618439053
03641,1,65118,2231462.349719599,2134353.3684842847,-97108.98123531416,5.853885925708752,5.725094177914601
03649,1,61776,1772749.9638938212,1761647.1962498107,-11102.767644010484,5.356903838687976,5.340102293588234
03665,1,64165,1630759.6013222157,1510941.7071372855,-119817.89418493025,5.0413386592879625,4.852602921923126
03737,1,44986,3789730.225426995,3791767.177312702,2036.951885706745,9.178367828191156,9.180834149141761
03750,1,54030,21858885.761356127,21506909.955367595,-351975.80598853156,20.113911105923137,19.951314960055722
03751,1,60611,11213950.396513633,11299450.444518315,85500.04800468124,13.602025687800909,13.65378111135715
03755,51,2954599,124524032.29870649,121968455.38178642,-2555576.916920066,6.491982111428218,6.425020071227825
03769,1,58330,1194326.1670380337,1155492.1815728499,-38833.985465183854,4.524967721711505,4.450794240782705
03776,1,65044,1693729.4228283807,1654157.563042999,-39571.859785381705,5.102915718383135,5.042951795982295
03806,1,65060,1190540.1996038968,1202243.5264928325,11703.32688893564,4.27774608680949,4.298720358234949
03807,1,65145,1017131.391413138,1013051.2195734184,-4080.1718397196382,3.951372607312502,3.943439276221977
03808,1,53921,1606237.5308195492,1567951.099610799,-38286.43120875023,5.457904291264362,5.392464417605979
03811,1,32061,455851.9134855411,451245.1138077212,-4606.799677819945,3.7707119648247427,3.751610339321373
03819,1,65522,543043.4653312033,533514.011054582,-9529.454276621342,2.878881065225003,2.853509626039598
03827,1,61056,8166971.022493399,8461309.33331585,294338.31082245056,11.565551131861811,11.772118141960735
03831,1,54298,1270618.8454803415,1245096.1767283203,-25522.668752021156,4.837441539444581,4.788610717364592
03835,1,60420,1827863.611111696,1878966.7644327146,51103.15332101844,5.500238644143593,5.576596074141138
03853,1,64922,957099.4693597592,946460.8040837729,-10638.665275986306,3.8395700252103184,3.8181709708862126
03854,1,62249,3570245.178652854,3538341.4972661315,-31903.681386722717,7.573259374720619,7.539346151069525
03863,1,65049,518630.76211068337,510399.86522927065,-8230.896881412715,2.82363674067263,2.8011409545934427
03909,1,55648,4767490.917749819,4925760.27527187,158269.35752205085,9.255932035681536,9.408315134805864
03922,1,57346,806500.7552810621,806774.1517497574,273.39646869525313,3.7501688665196973,3.7508044493401207
03923,1,59459,2147160.649098225,2029824.4863315877,-117336.16276663728,6.0092942375701845,5.842792231927022
03935,1,51920,1341390.9275347257,1323338.7763337905,-18052.151200935245,5.082885661455812,5.04856761698964
03944,1,55341,1048675.1044262613,1047113.227024887,-1561.8774013742805,4.353083299040518,4.349840390031244
03956,1,43139,9864319.639290713,9790021.875408866,-74297.76388184726,15.121627355639141,15.06457189247509
03983,1,42768,5783573.195707505,5895783.9618228795,112210.76611537486,11.628900308444186,11.741168208778037
04003,1,57735,12022308.341929127,11653106.967729239,-369201.37419988774,14.43026631123867,14.206964047548244
04012,1,53444,1641587.2223086106,1684645.0185985807,43057.79628997017,5.542203953943071,5.614417743544775
04015,1,65084,4225785.843461896,4200558.565416523,-25227.278045373037,8.057802598069204,8.033714685764787
04030,1,65053,1034002.8890846308,1021986.5699026372,-12016.319181993604,3.9868253534620046,3.963591876632023
04037,1,65460,818380.4138262528,827898.9046743731,9518.490848120302,3.535815643869792,3.5563185371887793
04057,1,48376,4682232.022863132,4955302.58003888,273070.55717574805,9.838105776101655,10.120922782698822
04059,1,65033,6024541.02143853,5789878.326229727,-234662.69520880282,9.624874792672903,9.435563120559006
04078,1,65301,680059.3236404709,650676.8640139452,-29382.45962652564,3.22710787843209,3.156623362506879
04081,1,64573,2455712.455421138,2394887.8452993934,-60824.610121744685,6.166848433093933,6.0899974113118045
04115,1,64052,2955222.4950221432,2803444.339949974,-151778.15507216938,6.792485882932643,6.615758165443635
04123,1,43014,11135571.859886933,10862297.720360246,-273274.13952668756,16.089825981458365,15.891172267394099
04127,1,65135,1322286.3226363794,1309168.6636760659,-13117.658960313536,4.5056302003733055,4.483225584338985
04141,1,65045,6700667.124514298,6355142.248454864,-345524.87605943345,10.149673288005118,9.884522149797181
04144,1,64222,2149783.947129537,2217081.5060072937,67297.55887775682,5.785694455583327,5.875555277942793
04146,1,57273,2649885.8961460018,2671167.048132093,21281.151986091398,6.802031215621242,6.829290047910154
04167,1,62246,991742.6162480369,968554.8351315941,-23187.781116442755,3.9915701267456662,3.9446309921253913
04197,1,45260,764625.1375352226,788189.907659496,23564.770124273375,4.110238387352564,4.173093928956266
04223,1,48144,1448514.6039716606,1488928.9213309581,40414.317359297536,5.485173306663203,5.561166497174886
04224,1,62038,935649.354302974,919548.9213762567,-16100.432926717214,3.8835389644008758,3.849980460975473
04229,1,64424,422936.03579031036,425403.8812592245,2467.8454689141363,2.5622028038332156,2.5696671991026734
04239,1,39348,18620303.680786185,18793866.133709304,173562.45292311907,21.753645576834703,21.854794802357187
04243,1,63718,2215703.9997979035,2286445.264375962,70741.26457805838,5.896914121377364,5.9903105377972015
04256,1,65017,456191.90166576346,463725.51073460234,7533.6090688388795,2.648868034387758,2.670650339666863
04268,1,65038,508567.51046235836,503609.4483706604,-4958.062091697939,2.7963447784172897,2.7826805078223327
04289,1,62658,1724845.7218218907,1765867.7877090625,41022.065887171775,5.246707626170754,5.308732324409044
04312,1,65050,1480392.597070022,1454169.4971682155,-26223.099901806563,4.770509904744837,4.728069641946522
04316,1,63867,1367529.850664248,1339133.7781597713,-28396.072504476644,4.62732655461176,4.579032479638791
04319,1,51076,2759870.704169155,2694680.0189680783,-65190.68520107679,7.350822383431966,7.263486971848453
04333,1,63587,1129139.257016682,1094521.9465649491,-34617.31045173295,4.2139520118631175,4.14885320849611
04347,1,52126,1790381.8456819034,1831558.039716791,41176.19403488748,5.8606479347928015,5.927658055728702
04348,1,46561,755176.7821982955,781484.8050586586,26308.022860363126,4.027292422871982,4.09684109762665
04351,1,65199,1662823.4590655281,1658928.021191943,-3895.4378735851496,5.050130537831746,5.044211687976735
04373,1,63826,2024232.215015052,2016972.001077221,-7260.213937830878,5.631594189616358,5.621485837005674
04374,1,59823,1515356.7186293427,1533782.4838108746,18425.765181531897,5.032958452969539,5.0634647712354095
04395,1,64910,4054665.338302457,3934979.7754015904,-119685.56290086638,7.903540856456221,7.786018794442389
04401,1,61547,3633834.420262303,3639162.839666658,5328.419404354878,7.68385432610883,7.689485815574941
04402,1,64390,1289111.3678745336,1282658.6409606922,-6452.726913841441,4.474412365620732,4.463199842453906
04414,1,50663,2765358.1480242126,2853558.2041409044,88200.05611669179,7.388057068377822,7.504951952826963
04416,1,64188,1563443.5775018923,1515740.3691182726,-47703.208383619785,4.935307129006542,4.859431748314889
04419,1,54358,2009969.8350355232,2049508.5062485633,39538.67121304013,6.080832423242364,6.140350018134417
04433,1,63549,5854852.10367489,5937842.075444775,82989.97176988516,9.598505190284136,9.666293129150217
04434,1,65038,1223575.2244147114,1224137.4835191513,562.2591044399887,4.337422704179472,4.338419159181093
04452,1,59682,1226466.4864335852,1219675.4623612594,-6791.024072325788,4.53321334489645,4.520645576214099
04457,51,3184419,84721401.88594785,85120753.08967276,399351.20372490585,5.15800149252142,5.170143834244253
04468,1,35258,1163723.5485406092,1136587.5254566541,-27136.02308395505,5.7450799202985845,5.677702149932514
04477,1,46990,2590735.1749212877,2478195.0687024104,-112540.10621887725,7.425210810786443,7.262146767268108
04483,1,65160,760366.9766362681,759581.5597970093,-785.4168392587453,3.416025355606323,3.414260617574142
04489,1,52483,1926348.3749002954,1930961.6045911275,4613.229690832086,6.058402031808056,6.0656520410787484
04497,1,56741,2327235.869775217,2372006.52102453,44770.651249312796,6.4043005999042935,6.465609133055985
04498,51,2921772,136580649.47677597,137135557.8706445,554908.3938685358,6.837092024609708,6.850967028107381
04499,1,47027,2013947.3617942636,2067489.4240338656,53542.062239601975,6.544107431552969,6.630526437254768
04524,1,54875,1830212.813584664,1839436.0139691215,9223.200384457596,5.775153462382738,5.789686870519234
04537,1,60405,3404476.9395352965,3431845.051137399,27368.111602102406,7.507386137062904,7.53750114660653
04542,1,54152,973728.0136880185,1004050.7961257901,30322.78243777156,4.240446436618351,4.305965956106257
04579,1,65073,1247044.4987905512,1198905.367622755,-48139.13116779621,4.377645210044822,4.2923194646977425
04580,1,64439,968486.8374961021,975972.3893091187,7485.551813016646,3.8767916844854478,3.8917449419468673
04614,1,65045,1212699.0713841869,1270759.0084120966,58059.93702790979,4.317870007878644,4.42002412248229
04619,1,42457,12583933.58449552,12502351.144897593,-81582.43959792703,17.216051647618148,17.160154526757292
04620,1,56157,2012261.8335886048,2027310.0238475506,15048.190258945804,5.986049385849422,6.00839027277891
04626,1,65136,905499.8203691985,908514.1847310434,3014.364361844957,3.7284956585034363,3.7346964915481253
04632,1,65046,737329.3203816601,760684.4346658364,23355.114284176263,3.3668243131329536,3.419731174422907
04636,1,52040,3791398.1064244905,3797020.1321545094,5622.02573001897,8.535540954477286,8.541867018564856
04651,1,54868,1138638.262295336,1141967.994894749,3329.7325994130224,4.555471372595694,4.56212731806454
04673,1,61313,4624704.20934985,4869562.302612448,244858.09326259792,8.684917499595645,8.911866664871969
04676,1,30165,1664774.4654891193,1653562.0817390494,-11212.383750069886,7.428926099813482,7.403866640559967
04678,1,65149,2083922.396499218,2124601.306873662,40678.91037444398,5.655706893789016,5.710640817483772
04703,1,61521,10800303.677389145,10855715.126311535,55411.44892239012,13.249707484221569,13.283653113269407
04710,1,65524,585115.2518281998,572052.9886108307,-13062.263217369094,2.9882746355415173,2.954730863561437
04715,1,45031,2004698.9442317262,1932933.9989388743,-71764.94529285189,6.672195840641494,6.551680596713746
04721,1,60596,1553455.950662259,1559904.7922337614,6448.8415715023875,5.063228101538527,5.073726673801901
04731,1,50812,1123380.7214963909,1077084.9923018224,-46295.72919456847,4.701975248031643,4.604069200823492
04744,1,62255,1479441.8731569457,1509283.5303463335,29841.657189387828,4.874856483568914,4.923776120517509
04749,1,63490,4575761.897828717,4441197.024604094,-134564.87322462257,8.48944003954609,8.363679008015989
04751,1,65079,357151.0815669355,364659.8876842597,7508.806117324159,2.342639972226656,2.3671379137422743
04765,1,58561,1570373.7794134303,1538516.216100774,-31857.563312656246,5.178420049659038,5.12562461886234
04779,1,60358,1325646.1690665465,1346536.2888940908,20890.119827544317,4.686475923354424,4.723257367462041
04782,1,65503,460488.1374146986,426198.83605498646,-34289.301359712146,2.651420611070236,2.550794866061819
04791,51,3260498,150352999.94329172,150440740.46841484,87740.52512311935,6.79069273317859,6.792673844454679
04794,1,65250,3360237.463142469,3269576.8406188046,-90660.6225236645,7.176203185211532,7.078732748698121
04796,1,56018,1262270.3181079833,1265912.317414618,3641.999306634767,4.7469251678137185,4.753768331872287
04804,1,50220,2700196.3640802954,2674269.6924959044,-25926.671584391035,7.332622377940991,7.297334380310567
04812,1,64024,1988867.586543504,1835126.3412047976,-153741.2453387063,5.57354527093479,5.353793087024186
04815,1,62870,2230523.485245431,2174601.192518425,-55922.29272700567,5.95637003280005,5.881228874148642
04821,1,64410,1424826.2591459348,1448715.330896125,23889.07175019011,4.703317593445611,4.742582325293836
04844,1,63523,1439109.7909758796,1454526.6399377808,15416.848961901153,4.7597206418096185,4.785147615805417
04845,1,60702,4937608.905420784,4816145.205573663,-121463.69984712079,9.018967950775565,8.907345250213721
04855,1,64866,769306.4118507197,798678.3250875734,29371.913236853667,3.44382533924196,3.508951700833324
04861,1,42739,2154023.1557390634,1972109.051180222,-181914.10455884133,7.099258753765966,6.792869713788611
04864,1,62549,1762687.9291616897,1752003.9204030451,-10684.008758644573,5.308569772619638,5.292457161456192
04871,1,65393,513546.8690040233,517949.7840531944,4402.915049171075,2.8023631401714475,2.814350588688748
04887,1,63795,729246.068469971,751180.4891039855,21934.420634014532,3.3809887627776667,3.431459114742353
04889,1,64500,1326166.497779845,1366185.244559678,40018.74677983299,4.53439311218288,4.602300140399428
04895,1,65037,1056461.5418110667,1054697.0343060447,-1764.5075050219893,4.030385577123925,4.027018385192853
04898,1,64627,1398065.0442210338,1428973.9685672452,30908.924346211366,4.651110852619329,4.702243995143767
04902,1,63880,8653274.696710236,8296678.021571934,-356596.67513830215,11.638788909278215,11.396451966829279
04906,1,62316,2131133.456643799,2120885.4533361825,-10248.003307616338,5.847975429363331,5.833897875540674
04947,1,60286,1611201.9152163255,1772804.387357703,161602.4721413774,5.169716767515436,5.42278235590758
04963,51,3307727,40693085.340677574,40282828.72965726,-410256.6110203117,3.50748223828861,3.489756708473018
04967,1,37486,3810610.4881494674,3836630.4099076563,26019.921758188866,10.082372270291447,10.11673634708755
04985,1,64609,686665.1292083627,690966.9250732828,4301.795864920132,3.260062956699042,3.2702587776460947
04991,1,54700,2737342.702391764,2737879.829040421,537.1266486570239,7.074095574509156,7.0747895867838695
05007,1,65211,1243672.950619822,1254369.4846911267,10696.534071304835,4.367095249539899,4.385835213033108
05015,1,38326,1287856.1039521424,1310785.8373487014,22929.733396559022,5.7967813938246495,5.848158337442488
05020,1,13784,1442990.5741266315,1455019.483610012,12028.909483380616,10.231613231760416,10.27417058576188
05024,1,63233,4540633.574697688,4423016.303085994,-117617.27161169425,8.473958536863547,8.363486817140535
05026,51,2928995,163435981.96003705,161635290.53410178,-1800691.4259352684,7.469895446694229,7.428630873849701
05039,1,62580,857706.4472065662,857636.4776771954,-69.96952937077731,3.7021290878065147,3.7019780795484545
05064,1,63484,2321421.535733508,2306691.95630059,-14729.579432917759,6.047068149195879,6.027853088651656
05066,1,47219,9648010.954082176,9510958.614335774,-137052.33974640258,14.294221292688476,14.192331713671512
05070,1,55671,5294224.8622982325,5395937.915691925,101713.05339369271,9.751842542701386,9.84507345594654
05077,1,57300,1384405.7489166902,1388666.123221118,4260.374304427765,4.9153493054265835,4.9229067507377495
05094,1,59360,8778785.839168364,8960179.589101817,181393.74993345328,12.161027794599862,12.286025461852558
05111,1,59486,2099144.741734863,2150646.3180197845,51501.57628492173,5.940374283524905,6.012804923755174
05126,51,2664743,126451409.06789534,125039633.36545157,-1411775.7024437636,6.888650824099319,6.850088474236226
05136,1,38671,2891392.0171003933,2820681.9402943044,-70710.07680608891,8.646906988516829,8.540520856697956
05145,1,65525,67354.46950852354,64428.1412403625,-2926.3282681610435,1.0138639828081542,0.9915949041206797
05150,1,65351,489287.72217833705,492756.2084821629,3468.4863038258627,2.736251673864366,2.7459329829705994
05151,1,49312,1018273.669281783,1017935.9188254238,-337.75045635923743,4.544184420488235,4.543430729364512
05159,1,42053,5844780.721115038,5827183.002292914,-17597.718822123483,11.789234859467523,11.771473711038784
05172,1,38859,1855690.8635589401,1838365.5766050317,-17325.28695390839,6.9104607503746385,6.878126033742514
05190,1,55564,1836162.7059523184,1814635.5437277192,-21527.16222459916,5.748556838848413,5.714759461149063
05201,1,65079,915292.1984618427,890128.0702234944,-25164.12823834829,3.7502433086130718,3.6983312983986334
05208,1,57586,2510914.321672586,2443263.801331806,-67650.5203407798,6.603246205201468,6.51368457256443
05222,1,62866,2252338.9929839373,2268224.1443536747,15885.151369737461,5.985617542115436,6.006687945318503
05241,1,64476,1476216.1057326654,1508548.990221167,32332.884488501586,4.784933719109325,4.837050994272427
05268,1,65303,1491964.9056818117,1613397.214141222,121432.30845941021,4.779833154108614,4.9705458566192435
05271,1,64402,4917129.169979009,4938286.415262582,21157.245283572935,8.737881109653262,8.7566594508106
05287,1,65036,2549144.092413644,2490050.048246606,-59094.04416703805,6.260662339337913,6.18766975772538
05296,1,61201,1038291.9012200175,1042111.3909345729,3819.4897145554423,4.118892658360916,4.126461640922113
05298,1,63625,2518841.4079062445,2600664.3286487306,81822.92074248614,6.291968133472429,6.393346650487543
05326,1,60715,3742005.867353442,3796057.0951998513,54051.227846409194,7.850624989719038,7.907120700558467
05341,1,58987,1554240.0127998865,1542778.5468441867,-11461.465955699794,5.133113747493283,5.114152109285328
05350,1,64522,1357662.5002927533,1346164.6400521356,-11497.860240617767,4.587140061719133,4.567674827344348
05364,1,60539,3381196.250535516,3434153.228193187,52956.97765767109,7.473388646422627,7.531686126732432
05370,1,63189,935169.9882057828,932125.5688137372,-3044.4193920455873,3.8470208419870056,3.840753803628156
05372,1,63197,4637760.694386734,4543495.819967252,-94264.8744194815,8.566549653741932,8.479042949706253
05377,1,52727,1410713.6735430248,1388043.1993727125,-22670.474170312285,5.172528674297936,5.130798514243047
05393,1,64931,942929.312012962,939241.747083498,-3687.5649294639006,3.810776887129694,3.8033180814106893
05397,1,60195,2016967.6572314415,2021246.004324339,4278.347092897631,5.78854291906564,5.794678931370849
05401,1,64094,956461.5736092324,947198.7665341212,-9262.807075111195,3.86300326606303,3.844252220587301
05427,1,64123,2998751.720833823,2886022.4604710313,-112729.26036279183,6.838539169003865,6.708770525203802
05431,1,35946,1731211.1571005434,1704349.173889355,-26861.983211188344,6.939844448530755,6.8857936244703
05432,1,56080,1223105.1076602298,1213733.505761569,-9371.601898660883,4.670118358895778,4.652192406019367
05468,1,53517,2980815.720399928,2869747.8113035127,-111067.90909641515,7.4631416378292945,7.322779997213948
05471,1,39320,7398301.707534434,7376838.772869585,-21462.934664849192,13.717003975187183,13.697092581638232
05477,51,3202668,158413224.09548536,158074292.6244832,-338931.4710021615,7.032986054509946,7.025458347482656
05480,1,65060,2648573.341778296,2689780.4985429607,41207.15676466469,6.380415659884818,6.429858132191331
05482,1,65471,464987.42917282204,472205.6966471949,7218.267474372871,2.6649932834644563,2.685598736102469
05496,1,30249,817381.2592476096,813111.0955827928,-4270.163664816879,5.198245988376105,5.184649868003302
05501,1,65455,892127.1580130133,890961.7640640476,-1165.393948965706,3.6918323119372523,3.689420186605274
05512,1,65190,1757785.091230688,1729236.1051661514,-28548.986064536497,5.192690018154967,5.150348975775137
05516,1,65390,1603301.3497669096,1629873.8140707328,26572.464303823188,4.9516724700142305,4.992537348869332
05528,1,35569,6039848.406048311,5882887.35481205,-156961.05123626068,13.030983398292904,12.860546931356117
05530,1,60677,2269846.3398654736,2278465.8691575155,8619.529292041901,6.116263381385189,6.127865346700645
05542,1,64716,987600.504631409,977859.1715381048,-9741.333093304187,3.9064729229428186,3.8871591630829845
05598,1,41916,5534788.516571326,5446199.857031483,-88588.65953984298,11.491073426925352,11.398740620915193
05604,1,44239,5280713.010944126,5275934.193615844,-4778.817328282632,10.925558132035537,10.920613433848645
05610,1,57491,2032873.077879624,2044717.0329087018,11843.955029077828,5.946414800782461,5.963712187491801
05623,1,65130,1080655.5763549071,1129765.7953821935,49110.219027286395,4.073362963669273,4.164891306799521
05627,1,65038,650407.1732257674,658612.2116997787,8205.038474011235,3.162343720308048,3.1822280579543905
05644,1,52290,1061297.032146653,1070543.1830841915,9246.150937538594,4.505148946797372,4.524731096029761
05658,1,57281,1401093.9718550378,1423991.1207464375,22897.148891399615,4.945706463936156,4.98595489115982
05661,1,65508,423358.7874007005,445299.32789121417,21940.540490513667,2.5421848083038836,2.6072270280923675
05672,1,48722,3687888.429592297,3537876.6348453984,-150011.79474689858,8.700141842284243,8.521357558650315
05677,1,60753,3402206.956632402,3199049.699182952,-203157.25744944997,7.4833576173916105,7.256490472600839
05680,1,65476,956009.603655899,979567.6674263291,23558.063770430163,3.8211145523443637,3.8679081364297088
05684,1,61406,3915141.5807024813,3940166.300797014,25024.720094532706,7.984878859852248,8.01035700290723
05687,1,45325,2061870.4469852536,2005603.5398442526,-56266.907141000964,6.74468669470371,6.652021394597358
05696,1,65041,598283.9318772731,598137.0782724163,-146.85360485687852,3.032913782210231,3.0325415328206313
05743,1,51224,2898766.286791061,3010698.120474195,111931.83368313406,7.522632682460818,7.666495080246376
05744,1,65058,1168672.2579403364,1122796.3443400303,-45875.91360030603,4.238342151174192,4.154321860263575
05776,1,64375,1920406.1731624072,1958857.7415203517,38451.56835794449,5.4618268193402635,5.516235865216832
05782,1,63513,1693782.3286217416,1709945.576880256,16163.24825851433,5.1641337909841365,5.188715164092884
05787,1,63194,6105182.530922895,6284613.553734584,179431.02281168848,9.829046813607608,9.97243848246533
05790,1,63299,4858718.604793249,5105549.342445101,246830.73765185196,8.761176894957476,8.980961080475797
05792,1,62790,1923355.6414727764,1907653.21429501,-15702.427177766338,5.534578559020724,5.511939890386313
05805,1,62546,1245555.3568299678,1206449.2517772648,-39106.10505270306,4.462536144039123,4.3919234204180695
05810,1,54420,1510091.517430388,1487705.6731779664,-22385.84425242152,5.2677161531228265,5.228525625140614
05830,1,40235,7306359.0479916055,7461857.890232241,155498.8422406353,13.475612137495604,13.61825569001329
05841,1,62983,1795679.5194776894,1786299.172578913,-9380.346898776479,5.339526461831777,5.325561778130628
05845,51,3107794,160999898.67118666,159112555.8663633,-1887342.8048233688,7.197583127509296,7.155271446349925
05861,1,65095,809884.7170777996,813410.1878824127,3525.4708046130836,3.5272625404021,3.5349313834995177
05875,1,28051,1062931.221978757,1091151.746202216,28220.524223458953,6.155713631175153,6.236894558826023
05877,1,54161,1660647.5978755138,1549626.3344574764,-111021.26341803744,5.537266215807776,5.3489699359333525
05886,1,59609,6455823.089914326,6547105.414746655,91282.32483232953,10.406864316764823,10.480180165179934
05898,1,64970,1414680.8659554734,1457721.4130613827,43040.547105909325,4.666301610940364,4.736754030124654
05918,1,65199,5144631.658241617,5119613.423189276,-25018.235052340664,8.882938914306296,8.861313819545298
05936,1,32383,962822.39762061,937907.9713503551,-24914.426270254888,5.452737016367413,5.381725886315255
05942,1,65501,83649.97283860645,79898.34214457565,-3751.6306940307986,1.1300793443688761,1.104447099014638
05950,1,65056,376646.50138149224,370208.6661156323,-6437.8352658599615,2.4061532825998997,2.3855010493243034
05977,1,62797,1681314.8631719241,1706432.237695412,25117.374523487873,5.174341375667218,5.21284816316251
05978,1,47845,2378367.0129896374,2467492.5956122894,89125.58262265194,7.050520130453552,7.181408801013584
05995,1,51309,2002490.1764139263,2047369.5110095264,44879.33459560014,6.247243328078141,6.316861291544619
06004,1,53827,3126972.579217218,3125204.291238795,-1768.287978422828,7.621877223766087,7.619721851524211
06005,1,44061,1387235.8015870452,1380832.1877207905,-6403.613866254687,5.611099493006331,5.59813382557632
06020,1,61247,5240916.1929234695,5024155.033680497,-216761.15924297273,9.250414577302347,9.057098807280813
06026,1,52120,2952682.377644952,2882126.3283586088,-70556.04928634316,7.526726972002484,7.436255494928348
06039,1,62031,2031647.0730959692,2067821.5851124453,36174.51201647613,5.722947240400617,5.773672436456625
06042,1,61149,3257914.357863024,3179082.442382482,-78831.915480542,7.299198128156658,7.210347828320667
06049,1,55964,3181009.1433399674,2995767.9483535765,-185241.19498639088,7.539248959890334,7.316438241117536
06062,1,59477,7997780.586011667,8238019.3560464345,240238.7700347677,11.596053632241256,11.768927206659464
06064,1,55653,1014018.2467331511,1018014.3826777122,3996.1359445611015,4.268532524459714,4.276935166012711
06066,51,3130660,144617453.07088456,144706141.51266074,88688.44177618623,6.796610814030174,6.798694547432629
06070,1,43353,1541616.7336067054,1506303.9804742886,-35312.75313241687,5.96318976498697,5.89449676914202
06076,1,58854,2078317.4236210843,1999785.5388813613,-78531.88473972306,5.942482983877981,5.829129709214122
06085,1,65458,745763.0807269997,701984.596440913,-43778.484286086634,3.3753520297779165,3.274782232221421
06091,1,61523,1724265.3737614874,1778846.0560131774,54580.682251689956,5.2939922501882135,5.37712868828131
06099,1,65483,816090.4764939138,799371.4774667622,-16718.999027151614,3.5302451988099306,3.49389653601741
06109,1,65509,505624.26596996305,508063.17035577097,2438.904385807924,2.7781997587675877,2.7848920922537426
06114,1,65480,852041.1236725566,841857.5425907201,-10183.581081836484,3.6072475145919185,3.585625834294506
06116,1,57734,1119263.281228022,1119234.2516897602,-29.029538261704147,4.403016412105621,4.402959312777726
06117,1,65307,342025.48967355926,346522.8707365642,4497.381063004956,2.2884918474443876,2.3034886928244878
06118,1,60708,8344135.042921735,8070334.184526676,-273800.85839505866,11.723781057452774,11.529827152003682
06128,1,55724,1763602.525146295,1828313.24361788,64710.71847158484,5.625734265870525,5.728015187314709
06133,1,64697,671541.2038772928,682598.0472058936,11056.84332860075,3.2217679807608146,3.248182702656635
06139,1,21282,695762.9507760308,727695.7513847848,31932.80060875404,5.717740355906339,5.847479396218633
06143,1,59763,624986.1549490368,626143.3583568366,1157.203407799825,3.233843534346643,3.2368359879318964
06148,1,43653,4550655.331684868,4639325.343507237,88670.01182236895,10.210098311114274,10.309090852935581
06151,51,3042983,146390516.66716346,145808236.27442902,-582280.3927344382,6.935962057762874,6.922154132049136
06153,1,64965,1287183.9383609793,1257477.5324371462,-29706.40592383314,4.4512356293384,4.399571658371277
06176,1,63564,757264.4167781139,752624.931710928,-4639.485067185946,3.4515817624932366,3.440992221747016
06188,1,63550,5738448.083625821,5714602.0926075755,-23845.991018245928,9.502534411717871,9.482770074535598
06195,1,55586,3004286.6653118473,2886633.713393614,-117652.95191823319,7.351703334781651,7.206313112903696
06196,1,43616,1185734.806253459,1147976.4504331711,-37758.35582028795,5.213998082608423,5.130309577214673
06202,1,44305,2883119.6572774397,2764138.844935302,-118980.81234213756,8.066868233892134,7.898662487270062
06208,1,62933,4500838.1713259695,4447614.371916593,-53223.79940937646,8.456827684839123,8.40667668344463
06209,1,56842,2956616.856486544,2984050.837717468,27433.981230923906,7.212118421933284,7.245501216668715
06213,51,2991433,150012756.26252025,149458297.9373944,-554458.3251258433,7.081486885356299,7.068387918865078
06214,1,63730,1232100.5577277923,1237222.1794507848,5121.62172299251,4.3969458569314845,4.406075038560129
06215,1,56891,3220370.4158583744,3083920.995734087,-136449.42012428725,7.523694112866188,7.362576800639467
06218,1,65501,1446816.2959325556,1469673.5675042812,22857.271571725607,4.699836293188206,4.7368155794077325
06223,1,61668,1927194.859321854,1946820.0771289403,19625.217807086185,5.590271266170748,5.618662894654008
06225,1,55305,2750587.8530147313,2658318.418359541,-92269.43465519045,7.052296483325223,6.933001622481036
06234,1,64410,515274.1008941709,497610.78515833995,-17663.315735830925,2.8284109342879016,2.7795100120022935
06240,1,63780,3249262.388634872,3053924.964357238,-195337.42427763436,7.137565953216415,6.919694540669765
06246,1,53270,367149.77833070996,373973.393039617,6823.614708907029,2.625308149936562,2.6495920007796294
06258,1,59135,1620732.016874487,1742950.7208688552,122218.7039943682,5.235200331807164,5.429005149345826
06262,1,65173,759219.2886332728,762043.6556821808,2824.367048908025,3.413105874459162,3.419448518309259
06271,1,65044,3274408.1794055225,2931953.9951860188,-342454.1842195038,7.095169707241076,6.713901342566503
06275,1,58469,1113986.5203191605,1111430.0143665723,-2556.5059525882825,4.364928506960279,4.359917057051664
06292,1,58168,2382874.9328028895,2422159.2450011577,39284.31219826825,6.4004212508392255,6.452964566924773
06304,1,64626,840572.9153685828,812702.4431592727,-27870.47220931016,3.6064844000060674,3.5461911736995346
06314,1,60348,1366951.5312645815,1350739.3175019945,-16212.213762586936,4.759322310760397,4.731015053709269
06330,51,3153984,135283914.7057285,135715994.39975214,432079.69402363896,6.5492766811074095,6.559727123639444
06335,1,60239,3002684.3733769413,2924177.5777466698,-78506.79563027155,7.060183112618769,6.9672756720343845
06336,1,61925,1771950.8975190404,1804150.2387194368,32199.34120039642,5.349249242739147,5.397632876892343
06343,1,63882,792846.9768800414,784089.48672682,-8757.490153221413,3.5229415281465,3.503430956947533
06357,1,64205,4650113.426108395,4608436.677313713,-41676.74879468139,8.510348562022642,8.472125628179965
06363,1,65449,795467.1633700018,787896.882322774,-7570.281047227792,3.486258777744061,3.4696301523776687
06364,1,47616,2076098.2725750008,2011459.0383473686,-64639.23422763217,6.60309428819114,6.499487932081343
06397,1,64103,3169761.2658791505,3171298.3461346272,1537.0802554767579,7.031922887925189,7.033627640887681
06416,1,47752,6935194.694276537,7029736.347607857,94541.6533313198,12.05129023709569,12.133154716144002
06422,1,30729,1613925.2175294398,1681565.4396739095,67640.22214446962,7.247153999497676,7.397460805024262
06443,1,64168,1039117.7049011484,1040016.5195464351,898.8146452866495,4.024140363073638,4.025880384664332
06447,1,64624,1091909.7338633677,1066004.4805032527,-25905.25336011499,4.110517020690415,4.061463897440033
06451,1,39453,1469447.162017503,1457124.3285024075,-12322.833515095524,6.1029100779131324,6.077266597967843
06453,1,59202,1695379.575976037,1733501.672614559,38122.09663852211,5.351373752607887,5.411204451943367
06478,1,53350,1378755.7978998572,1386985.0110436808,8229.213143823668,5.08365961558773,5.098808157856299
06481,1,35199,1144802.0811505287,1178841.529650873,34039.4485003443,5.702956282961172,5.787120840757131
06500,1,61880,1367266.5960386882,1326530.5473120832,-40736.04872660502,4.700580009389453,4.63002648348277
06503,1,65040,551006.1693448129,550752.960120518,-253.2092242948711,2.9106364547504406,2.90996760136043
06504,1,65045,24978095.190325707,24997394.833989277,19299.643663570285,19.596237718325742,19.603806897942885
06506,1,64150,853197.1401721742,914244.9237565994,61047.783584425226,3.646921079760027,3.7751390135225615
06507,1,64891,2431675.3883290645,2359946.31542564,-71729.0729034245,6.121538231062428,6.030576463510707
06523,1,22398,829013.2806259011,777671.7287315055,-51341.55189439561,6.0838167438817585,5.89241783500578
06524,1,65061,608574.8207936534,601300.7341998997,-7274.086593753658,3.0584164635829882,3.040083413994509
06526,1,64381,2044054.620346291,2065143.2947320063,21088.674385715276,5.634655767637284,5.663647777561176
06538,1,65043,3267282.2888486977,3036081.1181951337,-231201.17065356392,7.087499596934598,6.8321344356868785
06602,1,65088,780304.047728866,755526.0838041498,-24777.963924716227,3.462433702514787,3.407016742982267
06604,1,62355,1499947.187345818,1499063.8764772334,-883.3108685845509,4.904585865346592,4.90314151049249
06605,1,54752,2399172.218096445,2463554.551286463,64382.33319001831,6.619584310506256,6.707815331038402
06614,1,61920,3684688.0395672424,3649248.1208410263,-35439.91872621607,7.714093322038871,7.67690599607011
06624,1,47915,8085399.40021425,8015524.7940744525,-69874.60613979772,12.990174728239493,12.933921914745055
06625,1,62402,9983348.759871976,9675390.336287102,-307958.4235848747,12.648495394836996,12.451881897184656
06635,1,64086,3718715.5565175777,3711210.7440763917,-7504.812441186048,7.617542704003934,7.609852266189057
06663,1,57607,3198163.6540361103,3066863.0408549113,-131300.61318119895,7.450968239120709,7.296415569159872
06672,1,39026,2971524.626387282,3033625.453150136,62100.82676285412,8.725948526455134,8.816657287903153
06687,1,46054,1561052.6393206893,1528429.8567232369,-32622.782597452402,5.822038803184389,5.7608833048467
06706,1,62535,3534502.7195211574,3618033.035832488,83530.31631133053,7.51800452864765,7.606321656425059
06711,1,60043,1302421.924628008,1297113.1399387484,-5308.784689259483,4.657411997214763,4.647910297332682
06713,1,65173,2404691.7980072577,2439480.553332102,34788.75532484427,6.074294650291009,6.118075384782752
06730,1,44691,1368288.804727146,1441868.3259326709,73579.52120552491,5.533231626104699,5.680057923923312
06736,1,65156,716476.0189172442,717651.5927184934,1175.5738012492657,3.3160694840378566,3.3187888260445497
06742,1,54667,5305106.161438235,5190770.043463828,-114336.11797440704,9.85109299379761,9.744358961589855
06746,1,29342,1546507.32117798,1499502.3581953757,-47004.96298260428,7.259908276844392,7.148727129863049
06750,1,47579,2468694.8161731726,2526120.4562650705,57425.64009189792,7.20320952471382,7.286506772572348
06776,1,31443,561191.2053423038,547652.4703710154,-13538.734971288475,4.224676319234353,4.173405054254354
06781,1,42643,5141182.030269157,5207998.892688044,66816.8624188872,10.980133369220994,11.051254143886007
06782,1,64594,1283750.2627965156,1322668.7501466442,38918.48735012859,4.458042281672179,4.525113292542894
06784,1,65505,388945.4572415977,388930.8254449583,-14.631796639412642,2.436728406793133,2.436682572539034
06790,1,65066,559445.0942566697,541324.7375835949,-18120.356673074886,2.932254628782172,2.8843760618893284
06794,1,39110,805708.32740116,811383.9630742378,5675.635673077777,4.538841511380952,4.554799893846023
