sample,mode,region,valid_pixels,mean_seed_sse
00016_00_58,zeros,proxy_visible,30871,1464586.7170895233
00016_00_58,zeros,proxy_blocked,2411,160780.60886469847
00016_00_58,zeros,proxy_boundary_r3,2363,591318.4971851553
00016_00_58,zeros,gt_edge_t10_r3,9638,1388759.8879683674
00016_00_58,tx_xyz,proxy_visible,30871,1449249.9086527214
00016_00_58,tx_xyz,proxy_blocked,2411,156221.21313821018
00016_00_58,tx_xyz,proxy_boundary_r3,2363,576282.6985214311
00016_00_58,tx_xyz,gt_edge_t10_r3,9638,1375135.6011930888
00536_25_58,zeros,proxy_visible,62502,1236130.95190625
00536_25_58,zeros,proxy_blocked,2739,122577.09944390153
00536_25_58,zeros,proxy_boundary_r3,4876,776292.9114209746
00536_25_58,zeros,gt_edge_t10_r3,17619,1122843.845838297
00536_25_58,tx_xyz,proxy_visible,62502,1195759.720111612
00536_25_58,tx_xyz,proxy_blocked,2739,120571.8928921796
00536_25_58,tx_xyz,proxy_boundary_r3,4876,754532.092056787
00536_25_58,tx_xyz,gt_edge_t10_r3,17619,1092723.398572335
01917_32_58,zeros,proxy_visible,60416,1695551.3774792058
01917_32_58,zeros,proxy_blocked,4732,191852.4361545845
01917_32_58,zeros,proxy_boundary_r3,3496,1221818.0418918196
01917_32_58,zeros,gt_edge_t10_r3,13850,1569060.9912977729
01917_32_58,tx_xyz,proxy_visible,60416,1687387.6893108624
01917_32_58,tx_xyz,proxy_blocked,4732,197411.3561669654
01917_32_58,tx_xyz,proxy_boundary_r3,3496,1217546.1094072538
01917_32_58,tx_xyz,gt_edge_t10_r3,13850,1568234.7491303645
02739_28_58,zeros,proxy_visible,43144,793617.8111264273
02739_28_58,zeros,proxy_blocked,16869,1880990.2891363136
02739_28_58,zeros,proxy_boundary_r3,7458,1241082.6358819152
02739_28_58,zeros,gt_edge_t10_r3,28238,2535239.1356457407
02739_28_58,tx_xyz,proxy_visible,43144,790845.0461144128
02739_28_58,tx_xyz,proxy_blocked,16869,1790640.8025431605
02739_28_58,tx_xyz,proxy_boundary_r3,7458,1226537.0915382933
02739_28_58,tx_xyz,gt_edge_t10_r3,28238,2452186.7800314547
03356_46_58,zeros,proxy_visible,10525,467496.64819061506
03356_46_58,zeros,proxy_blocked,1627,113649.07646318935
03356_46_58,zeros,proxy_boundary_r3,1847,197473.98809925906
03356_46_58,zeros,gt_edge_t10_r3,4098,465973.4890578416
03356_46_58,tx_xyz,proxy_visible,10525,417555.4831890451
03356_46_58,tx_xyz,proxy_blocked,1627,119488.47710508271
03356_46_58,tx_xyz,proxy_boundary_r3,1847,201852.30650634138
03356_46_58,tx_xyz,gt_edge_t10_r3,4098,425945.6845751727
04791_49_58,zeros,proxy_visible,60286,638783.5300936289
04791_49_58,zeros,proxy_blocked,4763,298316.1459801905
04791_49_58,zeros,proxy_boundary_r3,4743,600871.7638763823
04791_49_58,zeros,gt_edge_t10_r3,15412,833697.7907002282
04791_49_58,tx_xyz,proxy_visible,60286,610034.6006377843
04791_49_58,tx_xyz,proxy_blocked,4763,314554.2530751178
04791_49_58,tx_xyz,proxy_boundary_r3,4743,593773.7140382504
04791_49_58,tx_xyz,gt_edge_t10_r3,15412,823424.9858208087
05845_28_58,zeros,proxy_visible,53081,793507.8336914034
05845_28_58,zeros,proxy_blocked,10709,321366.16961207776
05845_28_58,zeros,proxy_boundary_r3,6543,722097.3843271555
05845_28_58,zeros,gt_edge_t10_r3,13943,903115.623605205
05845_28_58,tx_xyz,proxy_visible,53081,787102.5680272158
05845_28_58,tx_xyz,proxy_blocked,10709,310946.5834694285
05845_28_58,tx_xyz,proxy_boundary_r3,6543,714801.8132240012
05845_28_58,tx_xyz,gt_edge_t10_r3,13943,892284.4058761593
06794_00_58,zeros,proxy_visible,33810,358065.1965359646
06794_00_58,zeros,proxy_blocked,5300,496838.510810359
06794_00_58,zeros,proxy_boundary_r3,3496,570211.4536899896
06794_00_58,zeros,gt_edge_t10_r3,9849,759403.7655827644
06794_00_58,tx_xyz,proxy_visible,33810,354599.28833471594
06794_00_58,tx_xyz,proxy_blocked,5300,483673.3113120967
06794_00_58,tx_xyz,proxy_boundary_r3,3496,563474.1323343886
06794_00_58,tx_xyz,gt_edge_t10_r3,9849,745396.41490062
