row,col,valid,target_db,clearance_m,visible_proxy,feature
128,80,1,90.18749809265137,0.24817899911002428,1,0.03561004020985071
128,81,1,90.18749809265137,0.28462302610925594,1,0.04071377504930742
128,82,1,90.18749809265137,0.31222123334312624,1,0.04454656072321155
128,83,1,90.18749809265137,0.3206018587921129,1,0.04570460341991281
128,84,1,90.12500095367432,0.3160726897644288,1,0.0450791051338426
128,85,1,90.12500095367432,0.3115994787447427,1,0.04446053527460129
128,86,1,90.00000047683716,0.30448764103359505,1,0.04347547210286358
128,87,1,89.81250286102295,0.32440016656136184,1,0.04622853232771358
128,88,1,89.74999952316284,0.3562361836879724,1,0.05059649886671587
128,89,1,89.81250286102295,0.40557849064469487,1,0.05727907609731586
128,90,1,89.875,0.4404734918880733,1,0.06193679673142473
128,91,1,89.875,0.4580886462164617,1,0.06426556698795842
128,92,1,89.74999952316284,0.46589099359266317,1,0.0652921284131545
128,93,1,89.875,0.4812543884391616,1,0.06730453206453406
128,94,1,89.875,0.47952370910934405,1,0.0670784345603552
128,95,1,89.93749713897705,0.47592827200423926,1,0.06660823585642497
128,96,1,90.12500095367432,0.4744068687050458,1,0.06640907425993937
128,97,1,89.74999952316284,0.4731943763557407,1,0.06625026706449832
128,98,1,89.74999952316284,0.46605406018175266,1,0.06531355064455972
128,99,1,89.74999952316284,0.4485396074295842,1,0.06300506135696249
128,100,1,89.81250286102295,0.4216567183466715,1,0.05943240818028693
128,101,1,91.93749856948853,0.3943848448495082,1,0.05577277275864685
128,102,1,91.75000095367432,0.3746493721585278,1,0.053103033639583005
128,103,1,92.18749952316284,0.355422095949649,1,0.0504853380227055
128,104,1,90.81250047683716,0.34932649757957535,1,0.04965210077222103
128,105,1,90.81250047683716,0.3487438352838623,1,0.049572370632975704
128,106,1,91.43750286102295,0.36101348025183455,1,0.05124824422582607
128,107,1,93.75000238418579,0.3677419631952219,1,0.05216449398956735
128,108,1,90.74999713897705,0.3600706851650628,1,0.05111970130594353
128,109,1,89.875,0.34988907733926844,1,0.049729069141738524
128,110,1,90.93750095367432,0.3406219830972539,1,0.048459498737773055
128,111,1,91.75000095367432,0.32272302248389195,1,0.045997263026399976
128,112,1,95.50000286102295,0.29389011394854236,1,0.04200398995088214
128,113,1,93.31249761581421,0.2530156576771194,1,0.0362900071587753
128,114,1,90.50000238418579,0.21647140388525976,1,0.031133919232551103
128,115,1,89.56250190734863,0.17920754393785288,1,0.02583609508071949
128,116,1,89.31250095367432,0.15701672111234188,1,0.022664469581308085
128,117,1,89.12499713897705,0.1454716110056875,1,0.021010022372979952
128,118,1,89.18750047683716,0.1425743478472281,1,0.020594400922352374
128,119,1,89.37499809265137,0.14148584550484422,1,0.020438208196111075
128,120,1,89.31250095367432,0.1504545950682381,1,0.02172444406278672
128,121,1,89.31250095367432,0.1571647069178308,1,0.022685657814087597
128,122,1,89.31250095367432,0.15426022294908392,1,0.02226971377785774
128,123,1,89.24999761581421,0.14053572453558338,1,0.020301852977647597
128,124,1,89.24999761581421,0.11743493305312214,1,0.016981355918155763
128,125,1,89.49999856948853,0.08846051713451608,1,0.012804214893060686
128,126,1,89.74999952316284,0.07510575046452495,1,0.010875118688261095
128,127,1,89.62499904632568,0.0840185765797905,1,0.012162810891874192
128,128,1,89.24999761581421,0.10446603471095806,1,0.015113206120538847
128,129,1,89.24999761581421,0.12186357331081332,1,0.017618667360748328
128,130,1,89.24999761581421,0.14904387103680783,1,0.02152223779621767
128,131,1,89.18750047683716,0.17923245837073054,1,0.025839649381875704
128,132,1,89.18750047683716,0.20749631811407632,1,0.029861411060873345
128,133,1,89.18750047683716,0.2215466638312087,1,0.031852462295058025
128,134,1,89.18750047683716,0.2324578436482838,1,0.03339461507300292
128,135,1,89.18750047683716,0.23418307687249929,1,0.03363811869705545
128,136,1,89.18750047683716,0.23382632006411086,1,0.03358777279961311
128,137,1,89.18750047683716,0.23569697148066204,1,0.03385171667982177
128,138,1,89.18750047683716,0.2276576136640518,1,0.032716613123544964
128,139,1,89.18750047683716,0.20181335995076388,1,0.02905448705180482
128,140,1,89.18750047683716,0.15232277061033095,1,0.021992154543842027
128,141,1,90.81250047683716,0.08306325246962487,1,0.012024833233261123
128,142,1,94.18750095367432,-0.008649982486216956,0,-0.0012536551413653214
128,143,1,115.56250190734863,-0.10967472448187365,0,-0.015863827737177483
128,144,1,127.25,-0.21319928862841842,0,-0.0306702600674095
128,145,1,127.87499618530273,-0.30673060928745777,0,-0.043786358995411494
128,146,1,129.12500095367432,-0.39233260472803444,0,-0.055495979200046015
128,147,1,126.62500381469727,-0.4621671763499364,0,-0.06480256305606608
128,148,1,127.31249713897705,-0.527882984300156,0,-0.073337867959587
128,149,1,129.12500095367432,-0.59145253113563,0,-0.08137741293165951
128,150,1,130.87499523162842,-0.6490290636142415,0,-0.08846876293127576
128,151,1,128.50000476837158,-0.7001352268921224,0,-0.09460919495733912
128,152,1,127.62499523162842,-0.740468560281899,0,-0.09935246221890215
128,153,1,128.7500057220459,-0.7736631220930192,0,-0.1031882229180031
128,154,1,134.75000381469727,-0.8154082654860737,0,-0.10792531859318762
128,155,1,132.49999523162842,-0.8675580907666465,0,-0.11370857263053631
128,156,1,129.24999523162842,-0.924716094895345,0,-0.11987808800226792
128,157,1,133.37500476837158,-0.9822591993841758,0,-0.1259141857951514
128,158,1,135.4999942779541,-1.0277009093654517,0,-0.13055972331583937
128,159,1,132.0000057220459,-1.0577835750290063,0,-0.133577557574538
128,160,1,135.12499904632568,-1.0723203947902142,0,-0.135019697421843
128,161,1,134.37499618530273,-1.0765185592882336,0,-0.13543423789791947
128,162,1,138.12499809265137,-1.0763817639183237,0,-0.1354207439507812
128,163,0,145.0000057220459,-1.0662628754766459,0,-0.13442002619117427
128,164,0,145.0000057220459,-1.0355955140354727,0,-0.13135608940776677
128,165,1,127.81249904632568,-0.9843704348036812,0,-0.12613236478654452
128,166,1,129.24999523162842,-0.9139600841959634,0,-0.11873046232300528
128,167,1,130.24999904632568,-0.8290830631394055,0,-0.10945619879639468
128,168,1,129.62500286102295,-0.7311589287139917,0,-0.09826568615529231
128,169,1,128.37499809265137,-0.6232779330425959,0,-0.08531976066826671
128,170,1,128.62499904632568,-0.5043373718293118,0,-0.0703054079377602
128,171,1,130.5,-0.3950007257723289,0,-0.05585580121897447
128,172,1,120.93749761581421,-0.2933401478230717,0,-0.04192751004534925
128,173,1,115.12499713897705,-0.18382685307740765,0,-0.02649482233134803
128,174,1,99.31250190734863,-0.06907227560922102,0,-0.010002931744214844
128,175,1,93.25000047683716,0.05582837660280049,1,0.008087195249113313
128,176,1,90.25000143051147,0.17945050648959437,1,0.025870755541512254
128,177,1,89.62499904632568,0.2975453829011254,1,0.042512012507872385
128,178,1,89.74999952316284,0.4011466759707645,1,0.05668339256441149
128,179,1,91.24999904632568,0.48887989886345196,1,0.06829891197416194
128,180,1,92.93750238418579,0.5550912247910613,1,0.07680548540271516
128,181,1,92.43750047683716,0.6013605729226139,1,0.08261072761483132
128,182,1,89.49999856948853,0.6296978161220537,1,0.08610825708853365
128,183,1,89.62499904632568,0.6396669272613558,1,0.08732815445584309
128,184,1,89.62499904632568,0.6326503174543348,1,0.08647012131257756
128,185,1,89.68750238418579,0.6168978789023019,1,0.08453390162422175
128,186,1,89.56250190734863,0.600314528573163,1,0.0824807739934134
128,187,1,89.43750143051147,0.5859194739913409,1,0.08068634315767698
128,188,1,89.37499809265137,0.5823729426404132,1,0.08024250879165971
128,189,1,89.12499713897705,0.5853368376697379,1,0.08061347559646613
128,190,1,88.87500238418579,0.5913934734489885,1,0.08137004555247868
128,191,1,88.75000190734863,0.5968004888854921,1,0.0820437737562535
128,192,1,88.75000190734863,0.6017244084050617,1,0.0826559140571579
128,193,1,89.00000286102295,0.6068032724583254,1,0.08328592345384873
128,194,1,89.18750047683716,0.610359721631216,1,0.083726240703144
128,195,1,89.43750143051147,0.6221530944794864,1,0.08518137248789957
