run,layer,feature,norm,nonzero
seed1_zeros,Wlayer00.0.weight,dx,0.0,0
seed1_zeros,Wlayer00.0.weight,dy,0.0,0
seed1_zeros,Wlayer00.0.weight,dz,0.0,0
seed1_zeros,Wconv_up00.0.weight,dx,0.0,0
seed1_zeros,Wconv_up00.0.weight,dy,0.0,0
seed1_zeros,Wconv_up00.0.weight,dz,0.0,0
seed1_zeros,Wconv_up000.0.weight,dx,0.0,0
seed1_zeros,Wconv_up000.0.weight,dy,0.0,0
seed1_zeros,Wconv_up000.0.weight,dz,0.0,0
seed1_tx_xyz,Wlayer00.0.weight,dx,0.03266400471329689,171
seed1_tx_xyz,Wlayer00.0.weight,dy,0.04046468064188957,171
seed1_tx_xyz,Wlayer00.0.weight,dz,0.12205424159765244,171
seed1_tx_xyz,Wconv_up00.0.weight,dx,0.05922120064496994,500
seed1_tx_xyz,Wconv_up00.0.weight,dy,0.04803554341197014,500
seed1_tx_xyz,Wconv_up00.0.weight,dz,0.2978593111038208,500
seed1_tx_xyz,Wconv_up000.0.weight,dx,0.0010699484264478087,25
seed1_tx_xyz,Wconv_up000.0.weight,dy,0.0014244993217289448,25
seed1_tx_xyz,Wconv_up000.0.weight,dz,0.0037393735256046057,25
