run,row,col,valid,target_db,firstU_db,prediction_db
baseline_reference,128,80,1,90.18749809265137,89.11328125,89.62109375
baseline_reference,128,81,1,90.18749809265137,89.41796875,89.62109375
baseline_reference,128,82,1,90.18749809265137,89.7734375,89.875
baseline_reference,128,83,1,90.18749809265137,90.12890625,89.9765625
baseline_reference,128,84,1,90.12500095367432,90.43359375,90.3828125
baseline_reference,128,85,1,90.12500095367432,90.6875,90.7890625
baseline_reference,128,86,1,90.00000047683716,91.14453125,91.04296875
baseline_reference,128,87,1,89.81250286102295,91.14453125,91.04296875
baseline_reference,128,88,1,89.74999952316284,90.83984375,90.9921875
baseline_reference,128,89,1,89.81250286102295,90.484375,90.7890625
baseline_reference,128,90,1,89.875,90.12890625,90.3828125
baseline_reference,128,91,1,89.875,89.82421875,90.078125
baseline_reference,128,92,1,89.74999952316284,89.7734375,89.875
baseline_reference,128,93,1,89.875,89.72265625,89.82421875
baseline_reference,128,94,1,89.875,89.82421875,89.875
baseline_reference,128,95,1,89.93749713897705,89.875,89.9765625
baseline_reference,128,96,1,90.12500095367432,90.12890625,90.23046875
baseline_reference,128,97,1,89.74999952316284,90.33203125,90.53515625
baseline_reference,128,98,1,89.74999952316284,90.6875,90.83984375
baseline_reference,128,99,1,89.74999952316284,91.14453125,91.09375
baseline_reference,128,100,1,89.81250286102295,91.5,91.44921875
baseline_reference,128,101,1,91.93749856948853,91.703125,91.8046875
baseline_reference,128,102,1,91.75000095367432,91.90625,92.16015625
baseline_reference,128,103,1,92.18749952316284,93.125,92.6171875
baseline_reference,128,104,1,90.81250047683716,94.34375,93.37890625
baseline_reference,128,105,1,90.81250047683716,95.765625,94.75
baseline_reference,128,106,1,91.43750286102295,97.64453125,96.6796875
baseline_reference,128,107,1,93.75000238418579,99.87890625,99.7265625
baseline_reference,128,108,1,90.74999713897705,103.23046875,103.1796875
baseline_reference,128,109,1,89.875,106.8359375,107.49609375
baseline_reference,128,110,1,90.93750095367432,110.8984375,112.06640625
baseline_reference,128,111,1,91.75000095367432,115.11328125,116.28125
baseline_reference,128,112,1,95.50000286102295,118.515625,119.48046875
baseline_reference,128,113,1,93.31249761581421,120.49609375,121.81640625
baseline_reference,128,114,1,90.50000238418579,121.8671875,123.23828125
baseline_reference,128,115,1,89.56250190734863,122.42578125,123.74609375
baseline_reference,128,116,1,89.31250095367432,122.22265625,123.6953125
baseline_reference,128,117,1,89.12499713897705,121.91796875,123.23828125
baseline_reference,128,118,1,89.18750047683716,120.75,122.42578125
baseline_reference,128,119,1,89.37499809265137,119.68359375,121.71484375
baseline_reference,128,120,1,89.31250095367432,119.0234375,121.00390625
baseline_reference,128,121,1,89.31250095367432,118.6171875,120.75
baseline_reference,128,122,1,89.31250095367432,118.46484375,120.8515625
baseline_reference,128,123,1,89.24999761581421,118.921875,121.359375
baseline_reference,128,124,1,89.24999761581421,119.9375,122.171875
baseline_reference,128,125,1,89.49999856948853,121.00390625,123.1875
baseline_reference,128,126,1,89.74999952316284,122.12109375,124.0
baseline_reference,128,127,1,89.62499904632568,123.13671875,124.9140625
baseline_reference,128,128,1,89.24999761581421,124.203125,125.625
baseline_reference,128,129,1,89.24999761581421,125.21875,125.9296875
baseline_reference,128,130,1,89.24999761581421,125.625,126.03125
baseline_reference,128,131,1,89.18750047683716,125.5234375,126.1328125
baseline_reference,128,132,1,89.18750047683716,125.5234375,126.234375
baseline_reference,128,133,1,89.18750047683716,125.421875,126.1328125
baseline_reference,128,134,1,89.18750047683716,125.7265625,126.1328125
baseline_reference,128,135,1,89.18750047683716,125.9296875,126.4375
baseline_reference,128,136,1,89.18750047683716,126.4375,126.9453125
baseline_reference,128,137,1,89.18750047683716,127.046875,127.453125
baseline_reference,128,138,1,89.18750047683716,127.453125,127.859375
baseline_reference,128,139,1,89.18750047683716,127.7578125,128.3671875
baseline_reference,128,140,1,89.18750047683716,128.1640625,128.7734375
baseline_reference,128,141,1,90.81250047683716,128.3671875,129.1796875
baseline_reference,128,142,1,94.18750095367432,128.875,129.6875
baseline_reference,128,143,1,115.56250190734863,129.1796875,129.9921875
baseline_reference,128,144,1,127.25,129.3828125,130.3984375
baseline_reference,128,145,1,127.87499618530273,129.7890625,130.6015625
baseline_reference,128,146,1,129.12500095367432,129.890625,130.703125
baseline_reference,128,147,1,126.62500381469727,130.09375,131.0078125
baseline_reference,128,148,1,127.31249713897705,130.1953125,131.2109375
baseline_reference,128,149,1,129.12500095367432,130.296875,131.4140625
baseline_reference,128,150,1,130.87499523162842,130.6015625,131.8203125
baseline_reference,128,151,1,128.50000476837158,131.109375,132.125
baseline_reference,128,152,1,127.62499523162842,131.6171875,132.4296875
baseline_reference,128,153,1,128.7500057220459,132.125,132.734375
baseline_reference,128,154,1,134.75000381469727,132.2265625,133.0390625
baseline_reference,128,155,1,132.49999523162842,132.6328125,133.34375
baseline_reference,128,156,1,129.24999523162842,132.9375,133.546875
baseline_reference,128,157,1,133.37500476837158,133.140625,133.8515625
baseline_reference,128,158,1,135.4999942779541,133.34375,134.15625
baseline_reference,128,159,1,132.0000057220459,133.6484375,134.359375
baseline_reference,128,160,1,135.12499904632568,134.0546875,134.4609375
baseline_reference,128,161,1,134.37499618530273,134.359375,134.4609375
baseline_reference,128,162,1,138.12499809265137,134.359375,134.5625
baseline_reference,128,163,0,145.0000057220459,134.5625,134.5625
baseline_reference,128,164,0,145.0000057220459,134.4609375,134.5625
baseline_reference,128,165,1,127.81249904632568,134.359375,134.359375
baseline_reference,128,166,1,129.24999523162842,134.15625,134.2578125
baseline_reference,128,167,1,130.24999904632568,133.953125,134.0546875
baseline_reference,128,168,1,129.62500286102295,133.953125,133.6484375
baseline_reference,128,169,1,128.37499809265137,133.546875,133.0390625
baseline_reference,128,170,1,128.62499904632568,132.6328125,132.9375
baseline_reference,128,171,1,130.5,131.6171875,132.734375
baseline_reference,128,172,1,120.93749761581421,129.890625,131.515625
baseline_reference,128,173,1,115.12499713897705,126.1328125,129.484375
baseline_reference,128,174,1,99.31250190734863,120.49609375,124.5078125
baseline_reference,128,175,1,93.25000047683716,111.76171875,115.0625
baseline_reference,128,176,1,90.25000143051147,103.078125,104.703125
baseline_reference,128,177,1,89.62499904632568,96.83203125,96.2734375
baseline_reference,128,178,1,89.74999952316284,91.95703125,92.26171875
baseline_reference,128,179,1,91.24999904632568,90.484375,90.73828125
baseline_reference,128,180,1,92.93750238418579,89.62109375,90.12890625
baseline_reference,128,181,1,92.43750047683716,89.21484375,89.9765625
baseline_reference,128,182,1,89.49999856948853,89.3671875,90.02734375
baseline_reference,128,183,1,89.62499904632568,89.31640625,89.875
baseline_reference,128,184,1,89.62499904632568,89.265625,89.72265625
baseline_reference,128,185,1,89.68750238418579,89.01171875,89.41796875
baseline_reference,128,186,1,89.56250190734863,88.859375,89.265625
baseline_reference,128,187,1,89.43750143051147,88.80859375,89.0625
baseline_reference,128,188,1,89.37499809265137,88.70703125,88.9609375
baseline_reference,128,189,1,89.12499713897705,88.5546875,88.859375
baseline_reference,128,190,1,88.87500238418579,88.453125,88.80859375
baseline_reference,128,191,1,88.75000190734863,88.25,88.7578125
baseline_reference,128,192,1,88.75000190734863,88.1484375,88.70703125
baseline_reference,128,193,1,89.00000286102295,88.046875,88.70703125
baseline_reference,128,194,1,89.18750047683716,88.3515625,88.7578125
baseline_reference,128,195,1,89.43750143051147,88.5546875,88.859375
seed1_zeros,128,80,1,90.18749809265137,89.11328125,89.72265625
seed1_zeros,128,81,1,90.18749809265137,89.41796875,89.7734375
seed1_zeros,128,82,1,90.18749809265137,89.7734375,90.02734375
seed1_zeros,128,83,1,90.18749809265137,90.12890625,90.1796875
seed1_zeros,128,84,1,90.12500095367432,90.43359375,90.53515625
seed1_zeros,128,85,1,90.12500095367432,90.6875,90.890625
seed1_zeros,128,86,1,90.00000047683716,91.14453125,91.09375
seed1_zeros,128,87,1,89.81250286102295,91.14453125,91.1953125
seed1_zeros,128,88,1,89.74999952316284,90.83984375,91.14453125
seed1_zeros,128,89,1,89.81250286102295,90.484375,90.890625
seed1_zeros,128,90,1,89.875,90.12890625,90.5859375
seed1_zeros,128,91,1,89.875,89.82421875,90.28125
seed1_zeros,128,92,1,89.74999952316284,89.7734375,90.078125
seed1_zeros,128,93,1,89.875,89.72265625,89.92578125
seed1_zeros,128,94,1,89.875,89.82421875,89.9765625
seed1_zeros,128,95,1,89.93749713897705,89.875,90.078125
seed1_zeros,128,96,1,90.12500095367432,90.12890625,90.28125
seed1_zeros,128,97,1,89.74999952316284,90.33203125,90.43359375
seed1_zeros,128,98,1,89.74999952316284,90.6875,90.63671875
seed1_zeros,128,99,1,89.74999952316284,91.14453125,91.04296875
seed1_zeros,128,100,1,89.81250286102295,91.5,91.44921875
seed1_zeros,128,101,1,91.93749856948853,91.703125,92.0078125
seed1_zeros,128,102,1,91.75000095367432,91.90625,92.46484375
seed1_zeros,128,103,1,92.18749952316284,93.125,93.17578125
seed1_zeros,128,104,1,90.81250047683716,94.34375,94.19140625
seed1_zeros,128,105,1,90.81250047683716,95.765625,95.765625
seed1_zeros,128,106,1,91.43750286102295,97.64453125,97.796875
seed1_zeros,128,107,1,93.75000238418579,99.87890625,101.046875
seed1_zeros,128,108,1,90.74999713897705,103.23046875,104.8046875
seed1_zeros,128,109,1,89.875,106.8359375,109.2734375
seed1_zeros,128,110,1,90.93750095367432,110.8984375,113.79296875
seed1_zeros,128,111,1,91.75000095367432,115.11328125,117.703125
seed1_zeros,128,112,1,95.50000286102295,118.515625,120.49609375
seed1_zeros,128,113,1,93.31249761581421,120.49609375,122.578125
seed1_zeros,128,114,1,90.50000238418579,121.8671875,123.84765625
seed1_zeros,128,115,1,89.56250190734863,122.42578125,124.203125
seed1_zeros,128,116,1,89.31250095367432,122.22265625,124.40625
seed1_zeros,128,117,1,89.12499713897705,121.91796875,124.0
seed1_zeros,128,118,1,89.18750047683716,120.75,123.23828125
seed1_zeros,128,119,1,89.37499809265137,119.68359375,122.52734375
seed1_zeros,128,120,1,89.31250095367432,119.0234375,121.71484375
seed1_zeros,128,121,1,89.31250095367432,118.6171875,121.2578125
seed1_zeros,128,122,1,89.31250095367432,118.46484375,121.15625
seed1_zeros,128,123,1,89.24999761581421,118.921875,121.4609375
seed1_zeros,128,124,1,89.24999761581421,119.9375,122.0703125
seed1_zeros,128,125,1,89.49999856948853,121.00390625,122.8828125
seed1_zeros,128,126,1,89.74999952316284,122.12109375,123.6953125
seed1_zeros,128,127,1,89.62499904632568,123.13671875,124.5078125
seed1_zeros,128,128,1,89.24999761581421,124.203125,125.1171875
seed1_zeros,128,129,1,89.24999761581421,125.21875,125.421875
seed1_zeros,128,130,1,89.24999761581421,125.625,125.5234375
seed1_zeros,128,131,1,89.18750047683716,125.5234375,125.5234375
seed1_zeros,128,132,1,89.18750047683716,125.5234375,125.625
seed1_zeros,128,133,1,89.18750047683716,125.421875,125.7265625
seed1_zeros,128,134,1,89.18750047683716,125.7265625,125.7265625
seed1_zeros,128,135,1,89.18750047683716,125.9296875,126.1328125
seed1_zeros,128,136,1,89.18750047683716,126.4375,126.640625
seed1_zeros,128,137,1,89.18750047683716,127.046875,127.25
seed1_zeros,128,138,1,89.18750047683716,127.453125,127.7578125
seed1_zeros,128,139,1,89.18750047683716,127.7578125,128.3671875
seed1_zeros,128,140,1,89.18750047683716,128.1640625,128.7734375
seed1_zeros,128,141,1,90.81250047683716,128.3671875,129.1796875
seed1_zeros,128,142,1,94.18750095367432,128.875,129.6875
seed1_zeros,128,143,1,115.56250190734863,129.1796875,129.890625
seed1_zeros,128,144,1,127.25,129.3828125,130.296875
seed1_zeros,128,145,1,127.87499618530273,129.7890625,130.5
seed1_zeros,128,146,1,129.12500095367432,129.890625,130.6015625
seed1_zeros,128,147,1,126.62500381469727,130.09375,130.8046875
seed1_zeros,128,148,1,127.31249713897705,130.1953125,131.109375
seed1_zeros,128,149,1,129.12500095367432,130.296875,131.3125
seed1_zeros,128,150,1,130.87499523162842,130.6015625,131.515625
seed1_zeros,128,151,1,128.50000476837158,131.109375,131.8203125
seed1_zeros,128,152,1,127.62499523162842,131.6171875,132.2265625
seed1_zeros,128,153,1,128.7500057220459,132.125,132.6328125
seed1_zeros,128,154,1,134.75000381469727,132.2265625,132.9375
seed1_zeros,128,155,1,132.49999523162842,132.6328125,133.140625
seed1_zeros,128,156,1,129.24999523162842,132.9375,133.4453125
seed1_zeros,128,157,1,133.37500476837158,133.140625,133.6484375
seed1_zeros,128,158,1,135.4999942779541,133.34375,133.953125
seed1_zeros,128,159,1,132.0000057220459,133.6484375,134.15625
seed1_zeros,128,160,1,135.12499904632568,134.0546875,134.2578125
seed1_zeros,128,161,1,134.37499618530273,134.359375,134.359375
seed1_zeros,128,162,1,138.12499809265137,134.359375,134.4609375
seed1_zeros,128,163,0,145.0000057220459,134.5625,134.5625
seed1_zeros,128,164,0,145.0000057220459,134.4609375,134.4609375
seed1_zeros,128,165,1,127.81249904632568,134.359375,134.359375
seed1_zeros,128,166,1,129.24999523162842,134.15625,134.15625
seed1_zeros,128,167,1,130.24999904632568,133.953125,134.0546875
seed1_zeros,128,168,1,129.62500286102295,133.953125,133.6484375
seed1_zeros,128,169,1,128.37499809265137,133.546875,133.2421875
seed1_zeros,128,170,1,128.62499904632568,132.6328125,132.9375
seed1_zeros,128,171,1,130.5,131.6171875,132.4296875
seed1_zeros,128,172,1,120.93749761581421,129.890625,131.3125
seed1_zeros,128,173,1,115.12499713897705,126.1328125,128.9765625
seed1_zeros,128,174,1,99.31250190734863,120.49609375,123.59375
seed1_zeros,128,175,1,93.25000047683716,111.76171875,114.25
seed1_zeros,128,176,1,90.25000143051147,103.078125,104.296875
seed1_zeros,128,177,1,89.62499904632568,96.83203125,96.6796875
seed1_zeros,128,178,1,89.74999952316284,91.95703125,92.66796875
seed1_zeros,128,179,1,91.24999904632568,90.484375,90.9921875
seed1_zeros,128,180,1,92.93750238418579,89.62109375,90.12890625
seed1_zeros,128,181,1,92.43750047683716,89.21484375,89.92578125
seed1_zeros,128,182,1,89.49999856948853,89.3671875,89.82421875
seed1_zeros,128,183,1,89.62499904632568,89.31640625,89.875
seed1_zeros,128,184,1,89.62499904632568,89.265625,89.7734375
seed1_zeros,128,185,1,89.68750238418579,89.01171875,89.46875
seed1_zeros,128,186,1,89.56250190734863,88.859375,89.31640625
seed1_zeros,128,187,1,89.43750143051147,88.80859375,89.11328125
seed1_zeros,128,188,1,89.37499809265137,88.70703125,88.9609375
seed1_zeros,128,189,1,89.12499713897705,88.5546875,88.859375
seed1_zeros,128,190,1,88.87500238418579,88.453125,88.80859375
seed1_zeros,128,191,1,88.75000190734863,88.25,88.70703125
seed1_zeros,128,192,1,88.75000190734863,88.1484375,88.70703125
seed1_zeros,128,193,1,89.00000286102295,88.046875,88.60546875
seed1_zeros,128,194,1,89.18750047683716,88.3515625,88.70703125
seed1_zeros,128,195,1,89.43750143051147,88.5546875,88.7578125
seed1_tx_xyz,128,80,1,90.18749809265137,89.11328125,89.5703125
seed1_tx_xyz,128,81,1,90.18749809265137,89.41796875,89.671875
seed1_tx_xyz,128,82,1,90.18749809265137,89.7734375,89.92578125
seed1_tx_xyz,128,83,1,90.18749809265137,90.12890625,90.078125
seed1_tx_xyz,128,84,1,90.12500095367432,90.43359375,90.484375
seed1_tx_xyz,128,85,1,90.12500095367432,90.6875,90.83984375
seed1_tx_xyz,128,86,1,90.00000047683716,91.14453125,91.09375
seed1_tx_xyz,128,87,1,89.81250286102295,91.14453125,91.14453125
seed1_tx_xyz,128,88,1,89.74999952316284,90.83984375,91.04296875
seed1_tx_xyz,128,89,1,89.81250286102295,90.484375,90.83984375
seed1_tx_xyz,128,90,1,89.875,90.12890625,90.53515625
seed1_tx_xyz,128,91,1,89.875,89.82421875,90.1796875
seed1_tx_xyz,128,92,1,89.74999952316284,89.7734375,89.9765625
seed1_tx_xyz,128,93,1,89.875,89.72265625,89.7734375
seed1_tx_xyz,128,94,1,89.875,89.82421875,89.875
seed1_tx_xyz,128,95,1,89.93749713897705,89.875,90.02734375
seed1_tx_xyz,128,96,1,90.12500095367432,90.12890625,90.23046875
seed1_tx_xyz,128,97,1,89.74999952316284,90.33203125,90.43359375
seed1_tx_xyz,128,98,1,89.74999952316284,90.6875,90.6875
seed1_tx_xyz,128,99,1,89.74999952316284,91.14453125,90.9921875
seed1_tx_xyz,128,100,1,89.81250286102295,91.5,91.44921875
seed1_tx_xyz,128,101,1,91.93749856948853,91.703125,91.90625
seed1_tx_xyz,128,102,1,91.75000095367432,91.90625,92.36328125
seed1_tx_xyz,128,103,1,92.18749952316284,93.125,93.07421875
seed1_tx_xyz,128,104,1,90.81250047683716,94.34375,93.9375
seed1_tx_xyz,128,105,1,90.81250047683716,95.765625,95.359375
seed1_tx_xyz,128,106,1,91.43750286102295,97.64453125,97.1875
seed1_tx_xyz,128,107,1,93.75000238418579,99.87890625,100.03125
seed1_tx_xyz,128,108,1,90.74999713897705,103.23046875,103.33203125
seed1_tx_xyz,128,109,1,89.875,106.8359375,107.6484375
seed1_tx_xyz,128,110,1,90.93750095367432,110.8984375,112.37109375
seed1_tx_xyz,128,111,1,91.75000095367432,115.11328125,116.6875
seed1_tx_xyz,128,112,1,95.50000286102295,118.515625,119.58203125
seed1_tx_xyz,128,113,1,93.31249761581421,120.49609375,121.765625
seed1_tx_xyz,128,114,1,90.50000238418579,121.8671875,123.0859375
seed1_tx_xyz,128,115,1,89.56250190734863,122.42578125,123.74609375
seed1_tx_xyz,128,116,1,89.31250095367432,122.22265625,123.796875
seed1_tx_xyz,128,117,1,89.12499713897705,121.91796875,123.54296875
seed1_tx_xyz,128,118,1,89.18750047683716,120.75,122.73046875
seed1_tx_xyz,128,119,1,89.37499809265137,119.68359375,122.171875
seed1_tx_xyz,128,120,1,89.31250095367432,119.0234375,121.359375
seed1_tx_xyz,128,121,1,89.31250095367432,118.6171875,121.15625
seed1_tx_xyz,128,122,1,89.31250095367432,118.46484375,121.20703125
seed1_tx_xyz,128,123,1,89.24999761581421,118.921875,121.71484375
seed1_tx_xyz,128,124,1,89.24999761581421,119.9375,122.375
seed1_tx_xyz,128,125,1,89.49999856948853,121.00390625,123.2890625
seed1_tx_xyz,128,126,1,89.74999952316284,122.12109375,123.94921875
seed1_tx_xyz,128,127,1,89.62499904632568,123.13671875,124.8125
seed1_tx_xyz,128,128,1,89.24999761581421,124.203125,125.21875
seed1_tx_xyz,128,129,1,89.24999761581421,125.21875,125.5234375
seed1_tx_xyz,128,130,1,89.24999761581421,125.625,125.421875
seed1_tx_xyz,128,131,1,89.18750047683716,125.5234375,125.5234375
seed1_tx_xyz,128,132,1,89.18750047683716,125.5234375,125.5234375
seed1_tx_xyz,128,133,1,89.18750047683716,125.421875,125.5234375
seed1_tx_xyz,128,134,1,89.18750047683716,125.7265625,125.625
seed1_tx_xyz,128,135,1,89.18750047683716,125.9296875,126.03125
seed1_tx_xyz,128,136,1,89.18750047683716,126.4375,126.4375
seed1_tx_xyz,128,137,1,89.18750047683716,127.046875,126.9453125
seed1_tx_xyz,128,138,1,89.18750047683716,127.453125,127.5546875
seed1_tx_xyz,128,139,1,89.18750047683716,127.7578125,127.9609375
seed1_tx_xyz,128,140,1,89.18750047683716,128.1640625,128.46875
seed1_tx_xyz,128,141,1,90.81250047683716,128.3671875,128.9765625
seed1_tx_xyz,128,142,1,94.18750095367432,128.875,129.3828125
seed1_tx_xyz,128,143,1,115.56250190734863,129.1796875,129.7890625
seed1_tx_xyz,128,144,1,127.25,129.3828125,130.1953125
seed1_tx_xyz,128,145,1,127.87499618530273,129.7890625,130.5
seed1_tx_xyz,128,146,1,129.12500095367432,129.890625,130.6015625
seed1_tx_xyz,128,147,1,126.62500381469727,130.09375,130.703125
seed1_tx_xyz,128,148,1,127.31249713897705,130.1953125,131.0078125
seed1_tx_xyz,128,149,1,129.12500095367432,130.296875,131.3125
seed1_tx_xyz,128,150,1,130.87499523162842,130.6015625,131.515625
seed1_tx_xyz,128,151,1,128.50000476837158,131.109375,131.8203125
seed1_tx_xyz,128,152,1,127.62499523162842,131.6171875,132.2265625
seed1_tx_xyz,128,153,1,128.7500057220459,132.125,132.53125
seed1_tx_xyz,128,154,1,134.75000381469727,132.2265625,132.8359375
seed1_tx_xyz,128,155,1,132.49999523162842,132.6328125,133.140625
seed1_tx_xyz,128,156,1,129.24999523162842,132.9375,133.34375
seed1_tx_xyz,128,157,1,133.37500476837158,133.140625,133.6484375
seed1_tx_xyz,128,158,1,135.4999942779541,133.34375,133.8515625
seed1_tx_xyz,128,159,1,132.0000057220459,133.6484375,134.0546875
seed1_tx_xyz,128,160,1,135.12499904632568,134.0546875,134.15625
seed1_tx_xyz,128,161,1,134.37499618530273,134.359375,134.15625
seed1_tx_xyz,128,162,1,138.12499809265137,134.359375,134.2578125
seed1_tx_xyz,128,163,0,145.0000057220459,134.5625,134.2578125
seed1_tx_xyz,128,164,0,145.0000057220459,134.4609375,134.15625
seed1_tx_xyz,128,165,1,127.81249904632568,134.359375,134.0546875
seed1_tx_xyz,128,166,1,129.24999523162842,134.15625,133.8515625
seed1_tx_xyz,128,167,1,130.24999904632568,133.953125,133.8515625
seed1_tx_xyz,128,168,1,129.62500286102295,133.953125,133.4453125
seed1_tx_xyz,128,169,1,128.37499809265137,133.546875,133.0390625
seed1_tx_xyz,128,170,1,128.62499904632568,132.6328125,132.734375
seed1_tx_xyz,128,171,1,130.5,131.6171875,132.328125
seed1_tx_xyz,128,172,1,120.93749761581421,129.890625,131.3125
seed1_tx_xyz,128,173,1,115.12499713897705,126.1328125,128.7734375
seed1_tx_xyz,128,174,1,99.31250190734863,120.49609375,123.44140625
seed1_tx_xyz,128,175,1,93.25000047683716,111.76171875,114.046875
seed1_tx_xyz,128,176,1,90.25000143051147,103.078125,104.296875
seed1_tx_xyz,128,177,1,89.62499904632568,96.83203125,96.52734375
seed1_tx_xyz,128,178,1,89.74999952316284,91.95703125,92.46484375
seed1_tx_xyz,128,179,1,91.24999904632568,90.484375,90.7890625
seed1_tx_xyz,128,180,1,92.93750238418579,89.62109375,89.9765625
seed1_tx_xyz,128,181,1,92.43750047683716,89.21484375,89.7734375
seed1_tx_xyz,128,182,1,89.49999856948853,89.3671875,89.62109375
seed1_tx_xyz,128,183,1,89.62499904632568,89.31640625,89.671875
seed1_tx_xyz,128,184,1,89.62499904632568,89.265625,89.5703125
seed1_tx_xyz,128,185,1,89.68750238418579,89.01171875,89.265625
seed1_tx_xyz,128,186,1,89.56250190734863,88.859375,89.1640625
seed1_tx_xyz,128,187,1,89.43750143051147,88.80859375,89.01171875
seed1_tx_xyz,128,188,1,89.37499809265137,88.70703125,88.859375
seed1_tx_xyz,128,189,1,89.12499713897705,88.5546875,88.7578125
seed1_tx_xyz,128,190,1,88.87500238418579,88.453125,88.70703125
seed1_tx_xyz,128,191,1,88.75000190734863,88.25,88.60546875
seed1_tx_xyz,128,192,1,88.75000190734863,88.1484375,88.5546875
seed1_tx_xyz,128,193,1,89.00000286102295,88.046875,88.453125
seed1_tx_xyz,128,194,1,89.18750047683716,88.3515625,88.5546875
seed1_tx_xyz,128,195,1,89.43750143051147,88.5546875,88.60546875
